Jalur halaman dan kelompok tampilan,Tampilan,Pengguna aktif,Tayangan per pengguna aktif,Waktu engagement rata-rata per pengguna aktif,Jumlah peristiwa,Peristiwa utama,Pendapatan total
/efek-samping-dan-gejala-konsumsi-narkoba-jenis-sabu-sabu/,13842,11982,1.1552328492739108,71.30353864129528,49691,0,0
/,6879,3827,1.7974915077083877,27.651162790697676,21757,0,0
/betis-kram-saat-tidur-penyebab-dan-penanganannya/,3927,3475,1.1300719424460433,60.23165467625899,14857,0,0
/kardiovaskular-pengertian-sebab-dan-contoh-penyakit/,3288,2735,1.2021937842778794,73.85045703839123,12093,0,0
/belanja/,3041,1128,2.6959219858156027,56.28280141843972,6843,0,0
/indeks-pemeriksaan/,2738,1646,1.663426488456865,24.331105710814096,8489,0,0
/7-cara-ampuh-turunkan-kolesterol-secara-alami-dan-aman-untuk-kesehatan/,2322,2117,1.0968351440717996,66.17146905999056,8707,0,0
/15-pantangan-makanan-untuk-pengidap-asam-urat/,2126,1864,1.140557939914163,100.40504291845494,7739,0,0
/leher-kaku-dan-kepala-pusing-gejala-penyakit-apa/,2121,1965,1.0793893129770993,46.365394402035626,8411,0,0
/beli-produk/,2092,515,4.062135922330097,60.85436893203884,4715,0,0
/kantor-cabang/,1707,1167,1.4627249357326477,25.328191945158526,4573,0,0
/tanda-tanda-pcos-pada-wanita-yang-dimunculkan/,1601,1465,1.0928327645051195,44.82184300341297,6033,0,0
/sakit-perut-terus-menerus-nyeri-kram-tanda-penyakit-apa/,1143,1050,1.0885714285714285,50.44190476190476,4405,0,0
/20-tips-ampuh-menurunkan-gula-darah-secara-alami-dan-efektif/,1095,987,1.1094224924012157,102.62208713272543,4125,0,0
/cito-health-harmony/,959,658,1.4574468085106382,21.893617021276597,2887,0,0
/tes-igra-dapat-mendeteksi-tuberkulosis-paru-paru-dan-organ-lainnya/,832,680,1.223529411764706,54.75,3082,0,0
/kategori-produk/panelmcu/,789,546,1.445054945054945,25.474358974358974,2494,0,0
/produk/screening-medical-check-up/,789,516,1.5290697674418605,34.71511627906977,2088,0,0
/produk/cakap-bebas-narkoba-6-parameter/,714,604,1.1821192052980132,22.079470198675498,2674,0,0
/15-obat-alami-untuk-menyembuhkan-asam-urat-tanpa-efek-samping/,682,635,1.074015748031496,66.44251968503937,2614,0,0
/ciri-ciri-dbd-pada-orang-tua-yang-muncul-di-fase-awal/,658,595,1.1058823529411765,51.57142857142857,2521,0,0
/gejala-hiv-dan-cirinya-pada-pria-dan-wanita-yang-terinfeksi/,652,599,1.0884808013355594,57.23873121869783,2615,0,0
/karir/,635,470,1.351063829787234,36.61063829787234,1878,0,0
/15-gejala-gagal-ginjal-yang-sering-tidak-disadari/,543,504,1.0773809523809523,84.82936507936508,2026,0,0
/cabang-bogor/,530,376,1.4095744680851063,35.265957446808514,1923,0,0
/lelah-capek-tapi-tidak-bisa-tidur-apa-sebabnya/,527,454,1.1607929515418502,48.14537444933921,1902,0,0
/detail-pelayanan/,521,412,1.2645631067961165,34.83009708737864,1384,0,0
/cabang-semarang-indraprasta/,493,364,1.3543956043956045,31.423076923076923,1750,0,0
/promo-terbaru/,480,342,1.4035087719298245,12.67251461988304,1555,0,0
/cabang-jakarta/,479,348,1.3764367816091954,29.45402298850575,1737,0,0
/framingham-risk-score-frs-pahami-risiko-penyakit-kardiovaskular/,468,395,1.1848101265822786,41.77215189873418,1746,0,0
/periksa-kesehatan-lengkap-cukup-250-ribu-dengan-program-cito-sahabat-sehat/,456,350,1.302857142857143,35.4,1547,0,0
/cabang-yogyakarta-atmosukarto/,450,312,1.4423076923076923,30.71474358974359,1610,0,0
/login/,405,124,3.2661290322580645,93.7741935483871,1485,0,0
/mimisan-sering-terjadi-secara-mendadak-tanda-penyakit-apa/,402,379,1.0606860158311346,47.54353562005277,1520,0,0
/ana-test-anti-nuclear-antibody-deteksi-masalah-autoimun-tubuh/,397,317,1.252365930599369,65.31230283911673,1414,0,0
/kategori-produk/panelmcu/page/2/,388,268,1.4477611940298507,26.611940298507463,860,0,0
/down-syndrome-mengenai-sebab-dan-bagaimana-mengetahuinya/,367,318,1.1540880503144655,95.29874213836477,1368,0,0
/cabang-pekalongan/,341,247,1.3805668016194332,30.149797570850204,1292,0,0
/promocito/,340,155,2.193548387096774,46.825806451612905,734,0,0
/laboratorium-medis/,337,236,1.4279661016949152,19.300847457627118,833,0,0
/produk/panel-alergi/,335,259,1.2934362934362935,41.938223938223935,1072,0,0
/kategori-produk/panelmcu/page/3/,324,217,1.4930875576036866,29.981566820276498,670,0,0
/diet-untuk-pemula-makanan-jadwal-makan-tips-lainnya/,314,301,1.043189368770764,58.80398671096346,1330,0,0
/4-sehat-5-sempurna-untuk-gizi-yang-sempurna/,312,271,1.151291512915129,36.99261992619926,1205,0,0
/penyakit-autoimun-arti-gejala-dan-pemeriksaannya/,311,279,1.114695340501792,48.982078853046595,1239,0,0
/produk/paket-mcu-internship/,311,233,1.3347639484978542,42.622317596566525,688,0,0
/cito-virtual-brand-ambassador/,310,232,1.3362068965517242,48.275862068965516,664,0,0
/ini-dia-tips-mengukur-tekanan-darah-dengan-benar/,308,273,1.1282051282051282,43.608058608058606,1164,0,0
/cabang-purwokerto/,301,214,1.4065420560747663,30.10747663551402,1144,0,0
/cabang-surabaya/,291,224,1.2991071428571428,30.026785714285715,1102,0,0
/kategori-produk/panelmcu/page/4/,282,193,1.461139896373057,29.21761658031088,582,0,0
/produk/nipt-non-invasive-prenatal-test-lite/,279,224,1.2455357142857142,18.446428571428573,967,0,0
/kreatinin-pemeriksaan-untuk-ketahui-fungsi-ginjal/,256,225,1.1377777777777778,58.14222222222222,971,0,0
/2022-pap-smear-di-cito-dibiayai-bpjs-kesehatan/,253,232,1.0905172413793103,42.68103448275862,956,0,0
/cvc/,253,163,1.5521472392638036,28.26993865030675,669,0,0
/pemeriksaan-endokrin/,245,165,1.4848484848484849,32.93939393939394,852,0,0
/cms/,238,170,1.4,44.06470588235294,667,0,0
/produk/panel-torch/,230,177,1.2994350282485876,25.10734463276836,746,0,0
/pemeriksaan-infertilitas/,229,179,1.2793296089385475,38.245810055865924,827,0,0
/pemeriksaan-mikrobiologi/,229,176,1.3011363636363635,36.71590909090909,831,0,0
/kategori-produk/panelmcu/page/5/,216,164,1.3170731707317074,21.76219512195122,464,0,0
/cabang-semarang-setiabudi/,210,143,1.4685314685314685,33.83916083916084,736,0,0
/bcr-abl-pemeriksaan-untuk-diagnosa-leukemia-kini-hadir-di-lab-cito/,202,154,1.3116883116883118,88.74025974025975,748,0,0
/produk/metabolic-harmony/,201,127,1.5826771653543308,27.88976377952756,441,0,0
/produk/cakap-bebas-narkoba-3-parameter/,198,176,1.125,17.738636363636363,754,0,0
/10-dampak-pernikahan-dini-bagi-kesehatan/,196,153,1.2810457516339868,56.00653594771242,639,0,0
/pemeriksaan-laboratorium/,195,164,1.1890243902439024,27.76829268292683,707,0,0
/lebih-baik-olahraga-pagi-atau-sore-udara-saat-apa-yang-lebih-cocok/,179,164,1.0914634146341464,52.02439024390244,682,0,0
/homeservice/,175,122,1.4344262295081966,30.229508196721312,501,0,0
/account/,174,83,2.0963855421686746,31.36144578313253,479,0,0
/gangguan-pada-sistem-kekebalan-tubuh-yang-harus-diwaspadai/,172,131,1.3129770992366412,62.82442748091603,558,0,0
/gejala-tipes-pada-remaja-dan-anak-anak-yang-terinfeksi/,172,162,1.0617283950617284,62.91975308641975,679,0,0
/panel-pra-nikah/,172,138,1.2463768115942029,32.608695652173914,653,0,0
/alergi-mengenai-faktor-penyebab-pemeriksaan-untuk-pengobatannya/,171,136,1.2573529411764706,57.26470588235294,604,0,0
/akibat-begadang-pada-pria-risiko-yang-dapat-ditimbulkan/,170,151,1.1258278145695364,41.75496688741722,621,0,0
/rheumatoid-arthritis-penyebab-ciri-ciri-pengobatan/,170,152,1.118421052631579,96.95394736842105,658,0,0
/suntik-putih-kenali-kandungan-dan-efek-sampingnya/,169,149,1.1342281879194631,48.308724832214764,646,0,0
/analisa-sperma/,166,125,1.328,19.072,504,0,0
/waspadai-demam-berdarah-dengan-3-m-plus/,166,128,1.296875,33.484375,576,0,0
/hiv-human-immunodeficiency-virus/,162,121,1.3388429752066116,30.380165289256198,516,0,0
/kenali-indikasi-dehidrasi-melalui-urine/,162,128,1.265625,30.7265625,608,0,0
/hba1c-indikator-pengendalian-diabetes-tersembunyi/,161,142,1.1338028169014085,80.21830985915493,594,0,0
/cabang-solo/,160,118,1.3559322033898304,29.296610169491526,606,0,0
/produk/cakap-autoimun-paket-ana-profile/,159,134,1.1865671641791045,16.223880597014926,607,0,0
/sindrom-stevens-johnson/,159,148,1.0743243243243243,35.7972972972973,606,0,0
/kenali-penyakit-stroke-telinga-ketika-sudden-sensorineural-hearing-loss-terjadi/,158,131,1.2061068702290076,95.6412213740458,552,0,0
/produk/hipertensi-dan-penyakit-ginjal-2/,156,103,1.5145631067961165,31.45631067961165,349,0,0
/medical-checkup-oeuk-oguk/,155,127,1.220472440944882,42.188976377952756,534,0,0
/cabang-tegal/,153,109,1.4036697247706422,36.330275229357795,570,0,0
/ciri-ciri-gula-darah-rendah-pada-wanita-pria-serta-penyebabnya/,153,146,1.047945205479452,59.21917808219178,616,0,0
/daftar-pesan/,151,112,1.3482142857142858,11.482142857142858,357,0,0
/produk/premarital-untuk-wanita-gold/,151,122,1.2377049180327868,38.959016393442624,349,0,0
/cabang-yogyakarta-bantul/,150,102,1.4705882352941178,35.42156862745098,539,0,0
/manfaat-kasih-sayang-akan-berdampak-baik-pada-mental-health/,149,117,1.2735042735042734,56.504273504273506,547,0,0
/pemeriksaan-tuberkulosis-tbc-yang-dinilai-efektif/,149,126,1.1825396825396826,53.76190476190476,583,0,0
/cabang-kudus/,147,103,1.4271844660194175,35.271844660194176,557,0,0
/cabang-magelang/,145,101,1.4356435643564356,25.762376237623762,544,0,0
/pemeriksaan-alergi/,145,110,1.3181818181818181,46.21818181818182,525,0,0
/racun-sianida-kenali-bahaya-dan-pencegahan/,145,130,1.1153846153846154,50.45384615384615,536,0,0
/skizofrenia-pengertian-ciri-ciri-gejala-dan-pengobatan/,144,127,1.1338582677165354,74.09448818897638,549,0,0
/penyebab-gula-darah-tinggi-dan-bagaimana-menanganinya/,143,139,1.0287769784172662,77.30935251798562,604,0,0
/polip-hidung-pahami-gejala-penyebab-dan-cara-pengobatan/,140,132,1.0606060606060606,67.5909090909091,530,0,0
/produk/lansia-check-up/,140,91,1.5384615384615385,42.35164835164835,339,0,0
/fragmentasi-dna-spermatozoa-pemeriksaan-untuk-ketahui-kualitas-sperma/,138,101,1.3663366336633664,83.61386138613861,498,0,0
/12-cara-efektif-terbukti-mencegah-hiv-aids-sejak-dini/,136,104,1.3076923076923077,58.59615384615385,450,0,0
/paket-medical-check-up-jantung/,136,83,1.6385542168674698,33.42168674698795,426,0,0
/cito-luncurkan-paket-pemeriksaan-children-medical-check-up-2024/,132,102,1.2941176470588236,55.6078431372549,441,0,0
/kolesterol-pada-usia-muda-harus-diwaspadai/,131,120,1.0916666666666666,80.45,510,0,0
/oguk-medical-exam-standar-kesehatan-offshore-di-cito/,129,103,1.2524271844660195,47.46601941747573,490,0,0
/cabang-semarang-dr-cipto/,126,102,1.2352941176470589,35.96078431372549,455,0,0
/cabang-jayapura/,121,86,1.4069767441860466,37.30232558139535,441,0,0
/cabang-pemalang/,121,89,1.3595505617977528,31.04494382022472,478,0,0
/kategori-produk/mcu-haji-2023/,121,84,1.4404761904761905,30.761904761904763,416,0,0
/paket-ramadhan-sehat-harga-bersahabat/,121,81,1.4938271604938271,58.666666666666664,431,0,0
/produk/new-weekend-check-up/,120,88,1.3636363636363635,28.625,258,0,0
/investasi-kesehatan-dengan-paket-cito-merdeka-check-up/,119,96,1.2395833333333333,54.427083333333336,383,0,0
/alzheimer-ciri-ciri-gejala-penyebab-dan-pencegahan/,117,105,1.1142857142857143,57.94285714285714,429,0,0
/ecg-elektrokardiografi/,117,92,1.2717391304347827,21.58695652173913,430,0,0
/cito-indraprasta/,116,95,1.2210526315789474,23.83157894736842,471,0,0
/cabang-merauke/,110,66,1.6666666666666667,42.74242424242424,399,0,0
/gejala-aritmia-yang-harus-diwaspadai-dan-segera-ditangani/,110,97,1.134020618556701,55.7319587628866,408,0,0
/sgpt-pemeriksaan-untuk-ketahui-gangguan-pada-fungsi-hati-liver/,109,101,1.0792079207920793,59.415841584158414,441,0,0
/kelainan-perdarahan/,107,88,1.2159090909090908,36.42045454545455,408,0,0
/patologi-anatomi/,107,91,1.1758241758241759,64.1978021978022,414,0,0
/hubungi-cito/,105,83,1.2650602409638554,23.120481927710845,388,0,0
/sejarah-cito/,105,70,1.5,38.25714285714286,310,0,0
/complete-blood-count/,103,87,1.1839080459770115,14.862068965517242,360,0,0
/10-kebiasaan-ini-bisa-sebabkan-berat-badanmu-sulit-turun/,102,93,1.096774193548387,39.924731182795696,398,0,0
/reservasitescovid/,101,74,1.364864864864865,23.33783783783784,343,0,0
/pentingnya-skrining-hpv-dna-untuk-pencegahan-kanker-serviks/,99,84,1.1785714285714286,46.57142857142857,316,0,0
/virus-hepatisis-b-sang-pembunuh-secara-perlahan/,98,86,1.1395348837209303,115.01162790697674,397,0,0
/cabang-jakarta-utara/,96,77,1.2467532467532467,27.025974025974026,371,0,0
/produk/vit-d-25-oh/,96,75,1.28,26.573333333333334,252,0,0
/cabang-balikpapan/,92,65,1.4153846153846155,30.723076923076924,332,0,0
/imunologi-dan-klinik/,91,71,1.2816901408450705,50.59154929577465,314,0,0
/gejala-dan-faktor-risiko-kanker-prostat/,90,81,1.1111111111111112,30.34567901234568,337,0,0
/sesak-napas-tiba-tiba-gejala-penyakit-apa-dan-penyebabnya/,89,84,1.0595238095238095,42.82142857142857,336,0,0
/ige-atopy/,88,67,1.3134328358208955,19.35820895522388,292,0,0
/usg-ultra-sonography/,87,73,1.1917808219178083,31.575342465753426,318,0,0
/7-tanda-tubuh-anda-kekurangan-vitamin-dan-mineral/,86,77,1.1168831168831168,74.63636363636364,326,0,0
/panaromic-radiology/,86,70,1.2285714285714286,34.51428571428571,339,0,0
/produk/torch-panel-3/,86,59,1.4576271186440677,14.152542372881356,190,0,0
/produk/paket-pemeriksaan-kesehatan-ibu-hamil/,84,67,1.2537313432835822,24.880597014925375,284,0,0
/produk/panel-penyakit-jantung-koroner/,84,68,1.2352941176470589,28.102941176470587,191,0,0
/produk/premarital-untuk-pria/,84,74,1.135135135135135,24.31081081081081,216,0,0
/bisa-makan-tapi-tidak-bisa-menelan-disfagia-apa-penyebabnya/,83,76,1.0921052631578947,72.13157894736842,299,0,0
/cito-health-harmony-pilihan-tepat-untuk-kesehatan-optimal/,82,56,1.4642857142857142,460.125,239,0,0
/vaksin-meningitis-haji-umrah-wajibkah-untuk-calon-jemaah/,82,65,1.2615384615384615,32.184615384615384,309,0,0
/hiv-viral-load/,81,61,1.3278688524590163,29.262295081967213,240,0,0
/pemeriksaan-radiologi/,80,65,1.2307692307692308,17.646153846153847,279,0,0
/hba1c/,79,65,1.2153846153846153,19.307692307692307,271,0,0
/medical-check-up-lebih-hemat-bersama-promo-ladies-cito-2023/,79,61,1.2950819672131149,67.37704918032787,249,0,0
/cabang-yogyakarta-wates/,78,51,1.5294117647058822,40.84313725490196,274,0,0
/cek-kondisi-genetik-calon-bayi-dengan-pemeriksaan-nipt/,78,73,1.0684931506849316,32.3013698630137,315,0,0
/hamil-aterm-kenali-pengertian-gejala-dan-manfaat/,76,62,1.2258064516129032,49.5,266,0,0
/lipoprotein-pengertian-dan-perannya-dalam-tubuh-kita/,76,60,1.2666666666666666,85.3,258,0,0
/produk/digestive-harmony/,74,51,1.4509803921568627,14.509803921568627,165,0,0
/stroke/,74,63,1.1746031746031746,40.523809523809526,284,0,0
/artikel-kesehatan/,73,47,1.553191489361702,29.23404255319149,195,0,0
/cabang-demak/,73,55,1.3272727272727274,24.236363636363638,276,0,0
/produk/screening-fungsi-thyroid/,73,56,1.3035714285714286,22.053571428571427,198,0,0
/produk/pemeriksaan-d-dimer/,72,63,1.1428571428571428,15.412698412698413,196,0,0
/vertigo-bagaimana-mengatasi-tanpa-obat/,71,60,1.1833333333333333,59.36666666666667,269,0,0
/category/pemeriksaan/,69,55,1.2545454545454546,12.781818181818181,163,0,0
/kasus-sifilis-di-ri-meningkat-kenali-pengertian-gejala-dan-cara-mencegahnya/,69,60,1.15,73.35,258,0,0
/mengenal-penyakit-thalasemia/,68,59,1.152542372881356,115.54237288135593,253,0,0
/produk/nipt-non-invasive-prenatal-test-basic/,68,54,1.2592592592592593,16.444444444444443,196,0,0
/hati-hati-penyakit-jantung-jadi-penyebab-utama-kematian/,66,55,1.2,44.872727272727275,252,0,0
/laboratorium-cito-dan-bca-menyelenggarakan-tes-mcu-untuk-karyawan-bca-hingga-desember-2023/,65,59,1.1016949152542372,27.1864406779661,243,0,0
/produk/nipt-non-invasive-prenatal-test-premium/,65,50,1.3,14.2,160,0,0
/produk/paket-ginjal-sehat-a/,65,49,1.3265306122448979,24.224489795918366,137,0,0
/produk/paket-medical-check-up-jantung-diamond-salin/,65,44,1.4772727272727273,37.65909090909091,150,0,0
/produk/paket-merdeka-kesehatan-ginjal/,64,49,1.3061224489795917,17.510204081632654,220,0,0
/produk/torch-panel-2/,64,51,1.2549019607843137,13.313725490196079,159,0,0
/paru-paru-basah-ciri-ciri-penyebab-dan-cara-mengobati/,63,55,1.1454545454545455,56.81818181818182,231,0,0
/produk/paket-medical-check-up-haji-1/,63,40,1.575,34.025,199,0,0
/amh-anti-mullerian-hormone/,62,51,1.2156862745098038,27.686274509803923,216,0,0
/cito-luncurkan-layanan-lab-patotogi-anatomi-baru-pemeriksaan-egfr/,62,56,1.1071428571428572,114.26785714285714,251,0,0
/papsmear-di-laboratorium-klinik-cito-dibiayai-bpjs-kesehatan/,62,54,1.1481481481481481,33.75925925925926,212,0,0
/daftar-obat-sirup-yang-dilarang-dan-yang-aman-dari-penyebab-ginjal-akut/,60,53,1.1320754716981132,22.09433962264151,253,0,0
/gejala-stroke-ringan-dan-bagaimana-mengatasinya/,60,58,1.0344827586206897,89,236,0,0
/produk/panel-thalasemia/,60,40,1.5,41.025,189,0,0
/produk/panel-tes-thalasemia/,59,51,1.1568627450980393,23.666666666666668,129,0,0
/rabies-gejala-penyebab-dan-pencegahan-penyakit-mematikan-ini/,59,49,1.2040816326530612,46.714285714285715,202,0,0
/apa-saja-gejala-kanker-serviks-kanker-leher-rahim/,58,52,1.1153846153846154,41.44230769230769,241,0,0
/mcu-haji-2023/,58,44,1.3181818181818181,33.52272727272727,190,0,0
/produk/executive-medical-check-up-wanita/,58,53,1.0943396226415094,36.056603773584904,134,0,0
/produk/screening-thalasemia/,58,34,1.7058823529411764,34.8235294117647,186,0,0
/produk/paket-ginjal-sehat-b/,57,33,1.7272727272727273,32.666666666666664,116,0,0
/produk/demam-dengue-1-3-hari-reg/,55,45,1.2222222222222223,33.733333333333334,130,0,0
/register/,55,35,1.5714285714285714,46.25714285714286,176,0,0
/baru-pemeriksaan-m-tuberculosis-antigen-tb-ag/,54,48,1.125,40.104166666666664,208,0,0
/paket-cegah-hepatitis-b/,54,39,1.3846153846153846,30.23076923076923,177,0,0
/manfaat-vape-dan-bahaya-bagi-kesehatan/,53,18,2.9444444444444446,51.22222222222222,160,0,0
/darah-tinggi-hipertensi-apakah-dapat-disembuhkan/,52,49,1.0612244897959184,88.42857142857143,212,0,0
/pembayaran/,52,38,1.368421052631579,50.21052631578947,131,0,0
/produk/paket-medical-check-up-jantung-gold/,52,42,1.2380952380952381,28.523809523809526,165,0,0
/konsumsi-alkohol-dapat-berefek-pada-tingkat-kolesterol/,51,43,1.186046511627907,37.86046511627907,177,0,0
/produk/executive-medical-check-up-untuk-pria/,51,45,1.1333333333333333,19.8,111,0,0
/respiratory-plus-panel/,51,46,1.108695652173913,27.891304347826086,193,0,0
/testosteron/,51,42,1.2142857142857142,17.452380952380953,180,0,0
/ferritin/,50,40,1.25,41.025,185,0,0
/produk/monitoring-diabetes-melitus-tahunan/,50,40,1.25,27.725,117,0,0
/kategori-produk/pranikah/,49,35,1.4,25.17142857142857,151,0,0
/produk/cakap-bebas-narkoba-2-parameter/,49,34,1.4411764705882353,16.529411764705884,151,0,0
/garam-sebabkan-hipertensi-benar-atau-tidak/,48,42,1.1428571428571428,63.45238095238095,189,0,0
/kerjasama-bpjs-tk-semarang/,48,43,1.1162790697674418,29.232558139534884,170,0,0
/virus-h5n1-berbahayakah-yuk-kenali-penyebaran-gejala-dan-cara-pencegahan/,48,41,1.170731707317073,56.26829268292683,182,0,0
/ana-antinuclear-antibody/,46,38,1.2105263157894737,18.42105263157895,153,0,0
/widal/,46,42,1.0952380952380953,17.30952380952381,156,0,0
/analisa-batu-ginjal/,45,38,1.1842105263157894,34.76315789473684,169,0,0
/homa-ir/,45,36,1.25,16.63888888888889,169,0,0
/makanan-berlemak-betul-sebabkan-kolesterol-tinggi/,45,36,1.25,62.5,151,0,0
/papsmear/,45,37,1.2162162162162162,14.81081081081081,127,0,0
/produk/hpv-dna-pap-smear-lc-prep/,45,31,1.4516129032258065,37.12903225806452,130,0,0
/produk/pemeriksaan-antibodi-kuantitatif/,45,43,1.0465116279069768,15.813953488372093,106,0,0
/sindroma-metabolik-kenali-penyebab-faktor-risiko-dan-cara-pencegahan/,45,32,1.40625,33.25,147,0,0
/daftar-member/,44,27,1.6296296296296295,53.81481481481482,139,0,0
/home/,44,30,1.4666666666666666,22.9,145,0,0
/produk/screening-thalasemia-ladies/,44,35,1.2571428571428571,29,147,0,0
/sindrom-nefritik-penyebab-gejala-dan-pengobatan/,44,39,1.1282051282051282,101.87179487179488,160,0,0
/free-t4/,43,35,1.2285714285714286,17.6,141,0,0
/reitz-serum-kanan-kiri/,43,38,1.131578947368421,17.57894736842105,162,0,0
/hot-promo/,42,34,1.2352941176470589,20.647058823529413,139,0,0
/cek-jantung-dengan-promo-spesial-cito-diskon-hingga-50/,41,32,1.28125,50.5625,116,0,0
/minum-kopi-dapat-sebabkan-darah-tinggi/,41,40,1.025,77.75,174,0,0
/pcr-hbv-dna-kuantitatif-kualitatif/,41,31,1.3225806451612903,55.03225806451613,144,0,0
/produk/panel-sindroma-metabolik/,41,37,1.1081081081081081,21.405405405405407,111,0,0
/produk/papsmear-liquid/,41,34,1.2058823529411764,32.294117647058826,144,0,0
/produk/heart-harmony-gold/,40,28,1.4285714285714286,36.75,84,0,0
/pembukaan-cabang-baru-cito-laboratorium-medis-surabaya-sungkono/,39,35,1.1142857142857143,25.228571428571428,145,0,0
/produk/demam-umum-reg/,39,30,1.3,19.833333333333332,83,0,0
/analisa-urine/,38,30,1.2666666666666666,13.7,128,0,0
/dislipidemia-penyebab-gejala-dan-langkah-pengobatan/,38,30,1.2666666666666666,67.6,129,0,0
/produk/heart-harmony-executive/,38,17,2.235294117647059,24.470588235294116,77,0,0
/produk/heart-harmony-silver/,38,28,1.3571428571428572,18.214285714285715,82,0,0
/protein-esbach/,38,34,1.1176470588235294,36.588235294117645,144,0,0
/batuk-terus-menerus-tanda-tuberkulosis-tb/,37,34,1.088235294117647,44.11764705882353,143,0,0
/cabang-jakarta-selatan,37,33,1.121212121212121,5.9393939393939394,88,0,0
/dna-fragmentation-index-dfi-sperma/,37,31,1.1935483870967742,22.129032258064516,102,0,0
/pap-smear-cara-untuk-kenali-dan-deteksi-potensi-kanker-serviks/,37,27,1.3703703703703705,54.55555555555556,121,0,0
/penjelasan-istilah-kasus-suspek-kontak-erat-dan-kasus-konfirmasi/,37,34,1.088235294117647,21.147058823529413,136,0,0
/sle/,37,35,1.0571428571428572,27.62857142857143,149,0,0
/washing-sperma/,37,29,1.2758620689655173,47.13793103448276,97,0,0
/adenosine-deaminase-ada-test/,36,28,1.2857142857142858,31.428571428571427,133,0,0
/cd4/,36,29,1.2413793103448276,17.310344827586206,119,0,0
/hb-elektroforesa/,36,31,1.1612903225806452,15.870967741935484,128,0,0
/produk/paket-medical-check-up-jantung-platinum/,36,28,1.2857142857142858,74.32142857142857,93,0,0
/produk/panel-hipertensi/,36,28,1.2857142857142858,25.785714285714285,97,0,0
/anak-demam-kenali-penyebab-dan-cara-pengobatan/,35,31,1.1290322580645162,34.41935483870968,120,0,0
/produk/panel-risiko-stroke/,35,25,1.4,47,76,0,0
/diagnosa-infeksi/,34,30,1.1333333333333333,31.433333333333334,126,0,0
/etika-batuk-yang-baik/,34,31,1.096774193548387,25.870967741935484,133,0,0
/hpv-dapat-dideteksi-dini-dengan-pemeriksaan-genomik/,34,31,1.096774193548387,49.74193548387097,134,0,0
/mikrobiologi/,34,29,1.1724137931034482,22.448275862068964,122,0,0
/paket-torch/,34,27,1.2592592592592593,17.074074074074073,123,0,0
/produk/heart-harmony-platinum/,34,25,1.36,26.96,68,0,0
/produk/lung-care-harmony/,34,25,1.36,30.72,73,0,0
/stress-dan-gerd-apakah-memang-dapat-berhubungan/,34,33,1.0303030303030303,66.33333333333333,135,0,0
/glukosa-darah-puasa-dan-2-jam-pp/,33,26,1.2692307692307692,20.423076923076923,105,0,0
/produk/demam-dengue-3-hari-reg/,33,27,1.2222222222222223,21.14814814814815,62,0,0
/test-swab-pcr-covid-19/,33,24,1.375,60,129,0,0
/thalasemia-anak-tips-perawatan-dan-gejala-yang-perlu-diketahui/,33,28,1.1785714285714286,68.85714285714286,124,0,0
/tpha/,33,26,1.2692307692307692,25.576923076923077,111,0,0
/beta-hcg-serum/,32,27,1.1851851851851851,15.481481481481481,116,0,0
/gangguan-ginjal-akut-pengertian-gejala-penyebab/,32,25,1.28,55.16,114,0,0
/kenali-pemanis-aspartam-dan-efek-samping-bagi-kesehatan/,32,29,1.103448275862069,79.72413793103448,121,0,0
/produk/test-narkoba-6-parameter/,32,26,1.2307692307692308,22.384615384615383,104,0,0
/tes-darah-samar-feses-fobt-persiapan-yang-perlu-dilakukan/,32,28,1.1428571428571428,62.357142857142854,112,0,0
/tsh-s/,32,28,1.1428571428571428,15.25,97,0,0
/anti-hav-igm-anti-hepatitis-a-virus-igm/,31,27,1.1481481481481481,11.148148148148149,116,0,0
/produk/hpv-dna-urine/,31,23,1.3478260869565217,24.17391304347826,111,0,0
/produk/paket-medical-check-up-jantung-silver/,31,27,1.1481481481481481,74.48148148148148,75,0,0
/resistensi-antimikroba-waspadai-penyebab-dampak-dan-solusi/,31,24,1.2916666666666667,11.625,93,0,0
/syarat-dan-ketentuan/,31,27,1.1481481481481481,20.333333333333332,85,0,0
/12-makanan-ini-bantu-turunkan-hipertensi-2/,30,30,1,51.36666666666667,122,0,0
/antibodi-anti-reseptor-tsh-trab/,30,17,1.7647058823529411,17.352941176470587,84,0,0
/kimia-klinik/,30,23,1.3043478260869565,15.391304347826088,109,0,0
/produk/screning-kanker-wanita/,30,27,1.1111111111111112,21.59259259259259,109,0,0
/toxoplasma-aviditas-igg/,30,26,1.1538461538461537,16.26923076923077,105,0,0
/vaksin-kanker-serviks-hpv-mengenai-fungsi-penting-dan-efek-samping/,30,28,1.0714285714285714,29.75,121,0,0
/corpsurvey/,29,24,1.2083333333333333,27.791666666666668,119,0,0
/hemoglobin/,29,23,1.2608695652173914,18.043478260869566,102,0,0
/kisah-dr-dyah-anggraeni-mengembangkan-cito-ke-seluruh-indonesia/,29,25,1.16,51.72,112,0,0
/kudis-gejala-risiko-dan-langkah-pengobatan-untuk-anda/,29,27,1.0740740740740742,96.07407407407408,112,0,0
/makan-mie-dan-nasi-bersamaan-apakah-baik/,29,27,1.0740740740740742,40.74074074074074,107,0,0
/produk/paket-hati-sehat-b/,29,27,1.0740740740740742,14.555555555555555,57,0,0
/rumple-leed/,29,22,1.3181818181818181,15.045454545454545,106,0,0
/human-metapneumovirus-hmpv-gejala-penularan-dan-pencegahan/,28,26,1.0769230769230769,92.76923076923077,106,0,0
/biomonitoring-benzen-toluen-xylen/,27,22,1.2272727272727273,55.90909090909091,108,0,0
/igf-1/,27,20,1.35,43.2,87,0,0
/manfaat-minum-air-8-gelas-perhari-untuk-kesehatan/,27,26,1.0384615384615385,20.23076923076923,107,0,0
/produk/paket-medical-check-up-haji-3/,27,20,1.35,31.45,59,0,0
/d-dimer/,26,18,1.4444444444444444,93.27777777777777,85,0,0
/diagnosa-ischemic-jantung/,26,24,1.0833333333333333,29.875,101,0,0
/fsh/,26,19,1.368421052631579,22.63157894736842,84,0,0
/mitos-vs-fakta-apa-yang-harus-dihindari-sebelum-tes-laboratorium/,26,22,1.1818181818181819,59.40909090909091,92,0,0
/pemeriksaan-untuk-mendeteksi-kanker-prostat/,26,21,1.2380952380952381,34.523809523809526,101,0,0
/produk/executive/,26,20,1.3,20.7,49,0,0
/15-manfaat-kopi-bagi-kesehatan/,25,24,1.0416666666666667,86,100,0,0
/ciri-ciri-omicron-yang-muncul-pada-gejala-awal-penularan/,25,23,1.0869565217391304,32.69565217391305,95,0,0
/dr-sung/,25,18,1.3888888888888888,39.94444444444444,87,0,0
/igra/,25,21,1.1904761904761905,28.428571428571427,69,0,0
/our-team/,25,18,1.3888888888888888,46.5,72,0,0
/pentingkah-periksa-toksoplasma/,25,25,1,64,101,0,0
/produk/heart-harmony-diamond/,25,21,1.1904761904761905,21.047619047619047,60,0,0
/produk/test-narkoba-3-parameter/,25,23,1.0869565217391304,9.782608695652174,86,0,0
/vitamin-d-25-oh/,25,22,1.1363636363636365,17.09090909090909,67,0,0
/category/artikel-kesehatan/,24,18,1.3333333333333333,22.055555555555557,61,0,0
/hbsag-hepatitis-b-surface-antigen/,24,23,1.0434782608695652,20.47826086956522,79,0,0
/ns1-antigen/,24,24,1,26.416666666666668,74,0,0
/actinic-keratosis-tanda-bahaya-kulit-yang-perlu-anda-ketahui/,23,20,1.15,56.65,85,0,0
/category/kantor/,23,17,1.3529411764705883,14.235294117647058,60,0,0
/farmakogenomik-hindari-salah-obat-dengan-citogen-pharmaco-gx/,23,14,1.6428571428571428,47.857142857142854,76,0,0
/kanker-hingga-penyakit-langka-dapat-dideteksi-dengan-citogen-health-risk/,23,16,1.4375,77.5625,82,0,0
/penyakit-thalasemia/,23,21,1.0952380952380953,33.714285714285715,91,0,0
/produk/test-narkoba-2-parameter/,23,18,1.2777777777777777,32.72222222222222,84,0,0
/anti-pgl-1-iggigm/,22,18,1.2222222222222223,15.777777777777779,81,0,0
/go-cabang-purwokerto/,22,18,1.2222222222222223,34.22222222222222,67,0,0
/premarital-check-up-yang-harus-dilakukan-sebelum-menikah/,22,19,1.1578947368421053,24.36842105263158,82,0,0
/sekret-vagina/,22,15,1.4666666666666666,14.333333333333334,78,0,0
/sering-capek-pas-kerja-coba-lakukan-tips-ini-yuk/,22,20,1.1,25.3,85,0,0
/tb-mdr-penyebab-dan-bagaimana-penanganannya/,22,19,1.1578947368421053,81.52631578947368,84,0,0
/apa-saja-faktor-risiko-kanker-serviks/,21,17,1.2352941176470589,21.11764705882353,77,0,0
/c-peptide/,21,17,1.2352941176470589,10.823529411764707,75,0,0
/imunologi/,21,19,1.105263157894737,18.526315789473685,88,0,0
/ingin-tulang-kuat-jangan-lewatkan-pemeriksaan-vitamin-d-25-oh/,21,20,1.05,46.95,89,0,0
/mitos-dan-fakta-seputar-kanker-serviks/,21,18,1.1666666666666667,28.72222222222222,74,0,0
/pneumonia-plus-panel/,21,15,1.4,10.466666666666667,76,0,0
/pregnancy-test/,21,19,1.105263157894737,12,68,0,0
/seramoeba/,21,16,1.3125,20.0625,83,0,0
/analisa-faeces/,20,12,1.6666666666666667,10.25,70,0,0
/anti-hbc-igm/,20,17,1.1764705882352942,29,75,0,0
/dermatitis-atopik-penyebab-gejala-dan-cara-mengatasinya/,20,17,1.1764705882352942,53,70,0,0
/igg-food-sensitivity/,20,18,1.1111111111111112,14.5,72,0,0
/kategori-produk/promo/,20,9,2.2222222222222223,38.44444444444444,44,0,0
/laju-endap-darah/,20,14,1.4285714285714286,11.571428571428571,57,0,0
/mcu-oguk-oeuk-cito/,20,16,1.25,29.5625,70,0,0
/pemeriksaan-rutin-untuk-jantung-sehat-dengan-paket-executive-di-cito/,20,17,1.1764705882352942,56.705882352941174,70,0,0
/produk/paket-hati-sehat-a/,20,16,1.25,12.6875,42,0,0
/analisa-batu-empedu/,19,11,1.7272727272727273,14.090909090909092,55,0,0
/calprotectin-fecal/,19,13,1.4615384615384615,42.38461538461539,58,0,0
/cara-deteksi-dini-kanker-payudara/,19,19,1,77.78947368421052,80,0,0
/gambaran-darah-tepi/,19,14,1.3571428571428572,24.5,71,0,0
/kanker-sarkoma-pahami-gejala-dan-cara-pengobatan/,19,5,3.8,97.6,41,0,0
/kultur-sensitivitas-urine-hitung-kuman/,19,15,1.2666666666666666,15.466666666666667,65,0,0
/lupus-antikoagulan-la/,19,14,1.3571428571428572,18.071428571428573,60,0,0
/pemeriksaan-untuk-deteksi-dini-kemungkinan-down-syndrome-dengan-citogen-nipt/,19,17,1.1176470588235294,61.411764705882355,72,0,0
/promo-ladies/,19,10,1.9,166.8,48,0,0
/rectal-swab-identifikasi-5-kuman/,19,14,1.3571428571428572,13.285714285714286,64,0,0
/toxoplasma-igm/,19,16,1.1875,18.5625,53,0,0
/fecal-occult-blood-test-fobt/,18,16,1.125,15.4375,60,0,0
/gejala-diabetes-pada-usia-muda-akibat-minuman-manis/,18,15,1.2,37.733333333333334,66,0,0
/hematologi/,18,15,1.2,27.466666666666665,70,0,0
/layanan-cito-mobile-service-untuk-pemeriksaan-di-tempat-pelanggan/,18,14,1.2857142857142858,28.571428571428573,65,0,0
/nipt-citogen/,18,17,1.0588235294117647,12.294117647058824,38,0,0
/penyebab-pendarahan-otak-pada-orang-dewasa/,18,17,1.0588235294117647,88.47058823529412,72,0,0
/ana-if/,17,14,1.2142857142857142,45.5,41,0,0
/aptt-activated-partial-thromboplastin-time/,17,13,1.3076923076923077,22.846153846153847,53,0,0
/creatinin/,17,17,1,9.823529411764707,55,0,0
/kategori-produk/cito-health-harmony/,17,8,2.125,68.75,47,0,0
/menu-buka-puasa-sehat-dan-ideal-untuk-tubuh/,17,6,2.8333333333333335,170.33333333333334,61,0,0
/paket-merdeka/,17,10,1.7,24.1,44,0,0
/produk/paket-medical-check-up-haji-2/,17,12,1.4166666666666667,68.66666666666667,39,0,0
/produk/panel-thalasemia-ladies/,17,14,1.2142857142857142,16,49,0,0
/progesteron/,17,12,1.4166666666666667,18.666666666666668,69,0,0
/serum-iron-fe/,17,16,1.0625,14.875,62,0,0
/tuberkulosis-tbc-perkembangan-pengertian-dan-ciri-gejalanya/,17,16,1.0625,67.1875,65,0,0
/anti-hcv/,16,14,1.1428571428571428,16.714285714285715,55,0,0
/asam-urat-gout-apa-bagaimana-menjaga-kadarnya-normal/,16,15,1.0666666666666667,38.266666666666666,60,0,0
/asam-urat/,16,14,1.1428571428571428,19.285714285714285,47,0,0
/asto-anti-streptolysin-o/,16,15,1.0666666666666667,11.2,58,0,0
/audiometri/,16,15,1.0666666666666667,25.2,67,0,0
/cito-launching-pemeriksaan-farmakogenomik/,16,14,1.1428571428571428,98,61,0,0
/ckmb/,16,16,1,10.3125,59,0,0
/edema-paru-penyebab-gejala-dan-cara-mengatasinya/,16,12,1.3333333333333333,48.75,49,0,0
/fungsi-ginjal-bagi-tubuh-manusia/,16,15,1.0666666666666667,40,62,0,0
/helicobacter-pylori-igm/,16,15,1.0666666666666667,12.266666666666667,62,0,0
/kelenjar-tiroid-fungsi-bagaimana-jika-bermasalah/,16,12,1.3333333333333333,72.08333333333333,61,0,0
/klinik-eksekutif-cito-yogyakarta-perluas-layanan-dengan-hadirnya-praktek-dokter-spesialis-jantung/,16,13,1.2307692307692308,21.846153846153847,55,0,0
/password-reset/,16,5,3.2,27.8,51,0,0
/produk/cakap-deteksi-risiko-stroke/,16,15,1.0666666666666667,23.466666666666665,60,0,0
/produk/cancer-care-for-women-basic/,16,14,1.1428571428571428,21,33,0,0
/produk/paket-dr-sung-basic/,16,14,1.1428571428571428,34.42857142857143,53,0,0
/produk/paket-medical-check-up-haji-arafah/,16,12,1.3333333333333333,21.75,37,0,0
/promo-cito-medical-check-up-internship-dokter-mei-2024/,16,15,1.0666666666666667,20.2,50,0,0
/sindrom-nefrotik-penyebab-gejala-dan-pengobatan/,16,15,1.0666666666666667,37.4,58,0,0
/treadmill/,16,13,1.2307692307692308,34.07692307692308,63,0,0
/vdrl-venereal-disease-research-laboratory/,16,15,1.0666666666666667,31.4,58,0,0
/advanced-molecular-biology/,15,14,1.0714285714285714,22.785714285714285,40,0,0
/analisa-pleura/,15,11,1.3636363636363635,10.090909090909092,48,0,0
/aplikasi-beranda-cito/,15,13,1.1538461538461537,28.76923076923077,60,0,0
/aplikasi-online-laboratorium-klinik-cito/,15,12,1.25,16.833333333333332,50,0,0
/ayo-cegah-penyakit-tidak-menular-dengan-cerdik/,15,10,1.5,21.3,50,0,0
/cholesterol-total/,15,12,1.25,25.833333333333332,52,0,0
/cito-pekalongan-gelar-perayaan-imlek-pererat-hubungan-dengan-pelanggan-dan-perkenalkan-layanan-terbaru/,15,8,1.875,14.875,45,0,0
/data-tentang-kanker-pada-wanita-di-indonesia/,15,14,1.0714285714285714,16.785714285714285,55,0,0
/fruktosamin/,15,8,1.875,18.375,48,0,0
/glukosa-darah-sewaktu/,15,11,1.3636363636363635,23,57,0,0
/helicobacter-pylori-igg/,15,12,1.25,18.583333333333332,53,0,0
/index-normalized-ratio-inr/,15,13,1.1538461538461537,8.846153846153847,53,0,0
/kategori-produk/lifetime/,15,9,1.6666666666666667,28,36,0,0
/laboratorium-klinik-cito-terpilih-sebagai-laboratorium-terbaik-pilihan-masyarakat/,15,13,1.1538461538461537,17.384615384615383,55,0,0
/panduan-new-normal-saat-menuju-tempat-kerja/,15,6,2.5,1.6666666666666667,30,0,0
/pembukaan-klinik-eksekutif-cito-di-yogyakarta-layanan-kesehatan-terbaik-kini-hadir-di-kotabaru/,15,13,1.1538461538461537,26,59,0,0
/product/panel-screening-lupus-dasar/,15,8,1.875,10.375,45,0,0
/produk/mcu-internship/,15,12,1.25,16.666666666666668,41,0,0
/produk/status-vit-d/,15,13,1.1538461538461537,33.84615384615385,50,0,0
/psa/,15,12,1.25,19.083333333333332,49,0,0
/tiroglobulin/,15,12,1.25,18.166666666666668,44,0,0
/16-makanan-yang-dapat-membantu-mengurangi-risiko-penyakit-jantung/,14,9,1.5555555555555556,34.888888888888886,32,0,0
/anti-beta-2-glikoprotein1-b2gp1-igg-igm/,14,13,1.0769230769230769,26.46153846153846,49,0,0
/efek-samping-vaksin-booster-dapat-diatasi-dengan-mudah/,14,14,1,30.357142857142858,53,0,0
/hematokrit/,14,8,1.75,15,39,0,0
/hpv-dna-urine/,14,11,1.2727272727272727,34.54545454545455,39,0,0
/malaria/,14,11,1.2727272727272727,17.454545454545453,51,0,0
/pcr-ct-ng/,14,12,1.1666666666666667,29.416666666666668,42,0,0
/pt-cito-putra-utama-labcito-serahkan-bantuan-csr-kepada-dua-panti-asuhan-di-semarang/,14,10,1.4,34.9,55,0,0
/status-antioksidan-total/,14,12,1.1666666666666667,19.166666666666668,61,0,0
/troponin-i/,14,9,1.5555555555555556,39.44444444444444,45,0,0
/wp-login.php,14,8,1.75,17,52,0,0
/12-manfaat-detoks-alami-untuk-kesehatan-tubuh/,13,13,1,70.46153846153847,55,0,0
/analisa-lcs/,13,12,1.0833333333333333,14.333333333333334,52,0,0
/bilirubin-total/,13,12,1.0833333333333333,9.416666666666666,51,0,0
/dengue-blood-igm/,13,13,1,25.846153846153847,46,0,0
/dislokasi-bahu-kenali-gejala-dan-pengobatan/,13,13,1,39.92307692307692,46,0,0
/gejala-diabetes-melitus-pada-anak-yang-perlu-diwaspadai/,13,10,1.3,27.6,41,0,0
/gejala-jantung-koroner-pada-wanita-pria-yang-terindikasi/,13,10,1.3,159.2,42,0,0
/gejala-omicron-xbb-pada-fase-awal-penularannya/,13,11,1.1818181818181819,13.727272727272727,51,0,0
/golongan-darah/,13,11,1.1818181818181819,13.181818181818182,41,0,0
/hipertensi/,13,12,1.0833333333333333,76.58333333333333,47,0,0
/hsv-ii-igg/,13,9,1.4444444444444444,17.11111111111111,44,0,0
/pentingnya-pemeriksaan-kesehatan-bagi-pasangan-sebelum-menikah/,13,11,1.1818181818181819,59,45,0,0
/produk/screening-diabetes-melitus/,13,12,1.0833333333333333,19.25,46,0,0
/aca-igg-anticardiolipin-antibody-igg/,12,9,1.3333333333333333,28.555555555555557,32,0,0
/aca-igm-anticardiolipin-antibody-igm/,12,11,1.0909090909090908,10.636363636363637,39,0,0
/antidiuretik-hormone-adh/,12,10,1.2,21.2,48,0,0
/cmv-aviditas-igg/,12,9,1.3333333333333333,12.444444444444445,46,0,0
/deteksi-dini-kanker-yang-sering-diderita-oleh-wanita-di-indonesia/,12,10,1.2,45,49,0,0
/egfr-estimeted-gromelular-fitration-rate/,12,12,1,15.166666666666666,42,0,0
/gejala-gerd-muncul-bagaimana-cara-mengatasinya/,12,12,1,68.5,35,0,0
/informasi-lowongan-kerja/,12,11,1.0909090909090908,46.45454545454545,47,0,0
/komplikasi-diabetes/,12,11,1.0909090909090908,22.09090909090909,46,0,0
/nipt-tes-kehamilan-untuk-memantau-kesehatan-janin-sejak-dini/,12,7,1.7142857142857142,32.42857142857143,30,0,0
/pemeriksaan-mikroalbumin-kuantitatif-deteksi-dini-gagal-ginjal/,12,8,1.5,62.125,38,0,0
/pemeriksaan-pcr/,12,9,1.3333333333333333,33.666666666666664,45,0,0
/pentingnya-medical-check-up/,12,11,1.0909090909090908,50,46,0,0
/prediktor-penyakit-jantung-koroner/,12,11,1.0909090909090908,16.545454545454547,48,0,0
/produk/cancer-care-for-women-advanced/,12,11,1.0909090909090908,18.181818181818183,26,0,0
/produk/paket-dr-sung-kolesterol-basic/,12,12,1,20.166666666666668,41,0,0
/produk/screening-tb-anak/,12,9,1.3333333333333333,19.77777777777778,33,0,0
/promo-pemeriksaan-internship-dokter-indonesia-periode-november-2023/,12,5,2.4,12.4,33,0,0
/rectal-swab-mikroskopis/,12,8,1.5,18.875,38,0,0
/retikulosit/,12,10,1.2,13.1,47,0,0
/trombosit/,12,9,1.3333333333333333,11.333333333333334,23,0,0
/troponin-t/,12,10,1.2,20.6,46,0,0
/waspadai-penyakit-akibat-kerja/,12,12,1,36.25,52,0,0
/ana-profil/,11,11,1,10.363636363636363,23,0,0
/aneurisme-otak-ketahui-gejala-penyebab-dan-metode-pengobatannya/,11,9,1.2222222222222223,26.11111111111111,38,0,0
/anti-ds-dna/,11,10,1.1,16.8,47,0,0
/bullying-ancaman-tersembunyi-bagi-kesehatan-mental-dan-fisik/,11,8,1.375,27.25,35,0,0
/category/panelmcu/,11,9,1.2222222222222223,13.666666666666666,29,0,0
/demam-berdarah-mengintai-dbd-lakukan-screening-segera/,11,9,1.2222222222222223,13.11111111111111,43,0,0
/estradiol-e2/,11,7,1.5714285714285714,7,29,0,0
/fibrinogen/,11,9,1.2222222222222223,14.88888888888889,38,0,0
/gejala-hepatitis-yang-harus-diwaspadai-dan-cara-mencegahnya/,11,5,2.2,38,25,0,0
/gejala-kanker-serviks/,11,8,1.375,68,40,0,0
/kanker-pembuluh-darah-gejala-penyebab-pengobatan/,11,11,1,70.63636363636364,44,0,0
/kanker-prostat-kenali-gejala-penyebab-dan-cara-mencegahnya/,11,8,1.375,32.75,36,0,0
/kanker-tulang-penyebab-gejala-dan-cara-mengobati/,11,10,1.1,69,41,0,0
/kolesterol-merugikan-bila-berlebihan/,11,10,1.1,40.1,40,0,0
/laboratorium-klinik-cito-telah-selesai-melaksanakan-surveillance-audit-sistem-manajemen-mutu-iso-9001-2015/,11,8,1.375,21.375,27,0,0
/le-sel/,11,8,1.375,19.375,41,0,0
/makanan-tinggi-kalori-yang-baik-dan-buruk-untuk-tubuh/,11,11,1,20.363636363636363,45,0,0
/panel-demam-untuk-pemeriksaan-infeksi-virus/,11,8,1.375,12.625,35,0,0
/panel-demam/,11,9,1.2222222222222223,30.555555555555557,33,0,0
/procalcitonin/,11,7,1.5714285714285714,15,39,0,0
/produk/cancer-care-for-men-advanced/,11,8,1.375,25.125,22,0,0
/produk/paket-medical-check-up-jantung-diamond/,11,10,1.1,16.5,28,0,0
/promo-cito-medical-check-up-internship-dokter-2024-hadir-kembali/,11,7,1.5714285714285714,82.28571428571429,38,0,0
/rasio-albumincreatinin-urine-sewaktu/,11,10,1.1,18.4,44,0,0
/screening-check-up/,11,9,1.2222222222222223,28.666666666666668,38,0,0
/sekret-mata/,11,10,1.1,8.9,43,0,0
/tangan-tremor-apa-yang-menyebabkannya-terjadi/,11,10,1.1,87.8,40,0,0
/total-lipid/,11,10,1.1,7.3,38,0,0
/tsh-neonatus/,11,9,1.2222222222222223,21.88888888888889,40,0,0
/ttv-dna/,11,9,1.2222222222222223,8,35,0,0
/493/,10,8,1.25,60.625,34,0,0
/ayo-segera-lakukan-pemeriksaan-kanker-serviks/,10,10,1,16.5,35,0,0
/ca-12-5/,10,8,1.25,22.75,31,0,0
/chikungunya-igm/,10,9,1.1111111111111112,14.777777777777779,43,0,0
/citonews/,10,7,1.4285714285714286,10.571428571428571,21,0,0
/deteksi-dini-risiko-jantung-dengan-paket-platinum-di-cito/,10,7,1.4285714285714286,205,34,0,0
/empty-sella-syndrome-ess-penyakit-langka-apa-itu/,10,9,1.1111111111111112,37.888888888888886,40,0,0
/infeksi-mycoplasma-pneumoniae-gejala-penyebab-cara-pencegahan/,10,7,1.4285714285714286,45.142857142857146,32,0,0
/kultur-darah-pemeriksaan-penting-untuk-mendeteksi-infeksi-dalam-darah/,10,8,1.25,41.75,31,0,0
/lh/,10,6,1.6666666666666667,21.5,37,0,0
/pcr-hcv-rna-kuantitatif-kualitatif/,10,9,1.1111111111111112,12.222222222222221,37,0,0
/pemeriksaan-ngs-cito-mendeteksi-brca1-brca2-sebagai-penyebab-kanker-payudara-ovarium/,10,10,1,41.6,38,0,0
/penyakit-ginjal-akut-vs-kronis-kenali-perbedaan-dan-cara-pengobatan/,10,8,1.25,29,31,0,0
/penyakit-ginjal-kronis/,10,7,1.4285714285714286,44,35,0,0
/privacy-policy/,10,10,1,9,26,0,0
/produk/cancer-care-for-men-basic/,10,10,1,10.2,25,0,0
/produk/screening-alergi-spesifik/,10,8,1.25,47,26,0,0
/produk/test-kromosom-jenis-kelamin-nipt-premium/,10,10,1,30,36,0,0
/sgpt/,10,8,1.25,13,36,0,0
/spirometri/,10,9,1.1111111111111112,15.444444444444445,39,0,0
/tdm/,10,9,1.1111111111111112,9,43,0,0
/transferin/,10,6,1.6666666666666667,5.666666666666667,31,0,0
/antibodi-anti-trobosit/,9,7,1.2857142857142858,12.285714285714286,35,0,0
/category/hot-promo/,9,7,1.2857142857142858,29.142857142857142,37,0,0
/crp-kualitatif/,9,8,1.125,14,35,0,0
/dengue-blood-igg/,9,7,1.2857142857142858,13.142857142857142,29,0,0
/diabetes-usia-muda-kenali-ciri-dan-gejalanya-pada-tubuh/,9,8,1.125,70,33,0,0
/eosinofil/,9,9,1,20,29,0,0
/epstein-barr-virus-viral-capsid-antigen-ebv-vca-iga-antibodies/,9,9,1,16.666666666666668,38,0,0
/gaya-hidup-sehat-mencegah-penyakit-ginjal-kronis/,9,8,1.125,10.25,35,0,0
/glukosa-toleransi-tes-dg-insulin/,9,9,1,18,41,0,0
/glukosa-toleransi-tes/,9,8,1.125,16.875,32,0,0
/hbsag-kuantitatif/,9,6,1.5,13,30,0,0
/hpv-dna-swab-serviks/,9,8,1.125,13,25,0,0
/infertility-laboratory-resmi-diluncurkan-di-semarang/,9,9,1,16.22222222222222,32,0,0
/interleukin-6-il-6/,9,3,3,4.333333333333333,26,0,0
/kategori-produk/paket-medical-check-up-jantung/,9,4,2.25,32.25,22,0,0
/kultur-cairan-tubuh/,9,9,1,14.777777777777779,36,0,0
/kultur-sputum/,9,8,1.125,9.625,31,0,0
/layanan-cepat-cito/,9,7,1.2857142857142858,13.142857142857142,30,0,0
/metabolisme-lipoprotein/,9,9,1,21.444444444444443,36,0,0
/mikroalbumin-kuantitatif/,9,8,1.125,15,33,0,0
/mycobacterium-tubercolusis-dna/,9,7,1.2857142857142858,13.428571428571429,27,0,0
/pcr-toxoplasma/,9,8,1.125,26.125,40,0,0
/penyakit-stroke-dapat-menyerang-pada-usia-muda/,9,5,1.8,72.6,33,0,0
/produk/cakap-autoimun-paket-ana/,9,9,1,11.11111111111111,35,0,0
/promo-cito-medical-check-up-internship-dokter-periode-iv-november-2023/,9,8,1.125,12.625,36,0,0
/rheumatoid-factor/,9,9,1,22.22222222222222,37,0,0
/sgot/,9,8,1.125,15.125,22,0,0
/sod/,9,8,1.125,20.5,42,0,0
/sputum-bta/,9,7,1.2857142857142858,15.714285714285714,28,0,0
/takaran-normal-konsumsi-air-agar-tidak-kekurangan-cairan-tubuh-dan-dehidrasi/,9,7,1.2857142857142858,55,35,0,0
/tibc/,9,9,1,12.555555555555555,32,0,0
/triglycerid/,9,6,1.5,13.333333333333334,25,0,0
/15-bahaya-merokok-bagi-kesehatan-wanita-yang-wajib-diketahui/,8,6,1.3333333333333333,38.833333333333336,28,0,0
/alfa-feto-protein-afp/,8,6,1.3333333333333333,7.5,27,0,0
/ana-if-titer/,8,6,1.3333333333333333,7,16,0,0
/anti-mpo-ab/,8,4,2,11,19,0,0
/cito-luncurkan-pemeriksaan-kadar-tacrolimus-untuk-mendukung-terapi-pasien-transplantasi-organ/,8,6,1.3333333333333333,22.833333333333332,28,0,0
/cmv-igm/,8,6,1.3333333333333333,12,25,0,0
/diskon-item-pemeriksaan-tumormarker/,8,7,1.1428571428571428,25.142857142857142,33,0,0
/g6pd/,8,3,2.6666666666666665,14.666666666666666,29,0,0
/gaal-kultur/,8,8,1,32.875,30,0,0
/gamma-gt/,8,6,1.3333333333333333,10.666666666666666,30,0,0
/gejala-polio-pengertian-penyebab-penanganannya/,8,7,1.1428571428571428,47,32,0,0
/hubungi-kami/,8,6,1.3333333333333333,28.5,27,0,0
/ige/,8,8,1,11.375,17,0,0
/igm-anti-salmonella/,8,7,1.1428571428571428,13.142857142857142,31,0,0
/infertilitas/,8,4,2,89,22,0,0
/kanker-apa-penyebabnya-dan-bagaimana-mencegahnya/,8,7,1.1428571428571428,61.42857142857143,32,0,0
/kategori-produk/promo/page/2/,8,4,2,26.5,16,0,0
/layanan-di-seluruh-cabang-laboratorium-klinik-cito-tetap-buka/,8,7,1.1428571428571428,13.857142857142858,26,0,0
/pemeriksaan-penunjang/,8,7,1.1428571428571428,10,27,0,0
/penyakit-lupus-masalah-autoimun-yang-sebabkan-peradangan-kulit-organ/,8,7,1.1428571428571428,32.285714285714285,29,0,0
/produk/executive-woman-type-1/,8,7,1.1428571428571428,18.714285714285715,17,0,0
/produk/kesehatan-calon-jamaah-haji-umroh-eksekutif/,8,8,1,19.125,31,0,0
/produk/kesehatan-calon-jamaah-haji-umroh-standar-single/,8,2,4,207,22,0,0
/produk/monitoring-diabetes-melitus/,8,7,1.1428571428571428,11.428571428571429,18,0,0
/produk/nipt-basic/,8,7,1.1428571428571428,39.285714285714285,22,0,0
/produk/ramadhan-berkah/,8,8,1,9.75,23,0,0
/promo-intership-agustus-2023/,8,8,1,15.25,31,0,0
/tim-marketing-ujung-tombak-laboratorium-cito/,8,7,1.1428571428571428,25.857142857142858,34,0,0
/ureum-clearance/,8,8,1,10.75,28,0,0
/ata/,7,4,1.75,13.75,23,0,0
/bahaya-menyemprotkan-disinfektan-langsung-ke-tubuh/,7,7,1,22.285714285714285,27,0,0
/cara-mencegah-infeksi-chlamydia/,7,6,1.1666666666666667,43.166666666666664,26,0,0
/category/pemeriksaan/page/2/,7,5,1.4,12.6,14,0,0
/co-sleeping-benarkah-aman-untuk-bayi/,7,5,1.4,29.2,21,0,0
/couple-medical-check-up-investasi-kesehatan-untuk-anda/,7,6,1.1666666666666667,116.83333333333333,22,0,0
/cpk/,7,7,1,9.285714285714286,22,0,0
/cystatin-c/,7,6,1.1666666666666667,8,29,0,0
/epstein-barr-virus-viral-capsid-antigen-ebv-vca-igg-antibodies-kuantitatif/,7,7,1,4.428571428571429,23,0,0
/free-testosteron/,7,7,1,12.857142857142858,22,0,0
/igm-leptospira/,7,3,2.3333333333333335,13.333333333333334,22,0,0
/inovasi-layanan-kesehatan/,7,6,1.1666666666666667,24.666666666666668,28,0,0
/jangan-lewatkan-promo-paket-merdeka-untuk-pemeriksaan-kesehatan-anda/,7,5,1.4,40.8,19,0,0
/kadar-gula-darah-normal-kunci-mencegah-diabetes-mellitus/,7,7,1,24.571428571428573,26,0,0
/kalium/,7,6,1.1666666666666667,20.833333333333332,19,0,0
/kanker-paru-paru-penyebab-gejala-dan-langkah-pencegahan/,7,4,1.75,27.75,18,0,0
/komitmen-terhadap-kesehatan-cito-raih-penghargaan-bergengsi-satria-brand-2024/,7,5,1.4,9.8,17,0,0
/kulit-kering-bagaimana-mengatasinya/,7,7,1,26.428571428571427,28,0,0
/kultur-bta/,7,6,1.1666666666666667,9.333333333333334,21,0,0
/limfosit-palsma-biru/,7,4,1.75,16.5,20,0,0
/medical-check-up/,7,7,1,17.714285714285715,30,0,0
/pcr-tb/,7,7,1,19.571428571428573,23,0,0
/pharmacogenomic-citogen/,7,5,1.4,40.4,19,0,0
/produk/cakap-sperma-analisa/,7,7,1,13.857142857142858,15,0,0
/produk/executive-woman-type-2/,7,3,2.3333333333333335,66.66666666666667,18,0,0
/produk/screening-alergi-umum/,7,7,1,25.857142857142858,19,0,0
/produk/swab-pcr-covid-19/,7,6,1.1666666666666667,17,23,0,0
/promo-couple/,7,5,1.4,38.6,25,0,0
/sepsis-risiko-pengobatan-dan-cara-pencegahannya/,7,4,1.75,51.75,20,0,0
/spesial-promo-valentine-manfaatkan-diskon-25-pembelian-panel-lifetime-medical-check-up/,7,7,1,18.714285714285715,27,0,0
/toxoplasma-igg/,7,7,1,13.285714285714286,17,0,0
/user/elang/,7,1,7,32,18,0,0
/varicella-igg-m/,7,6,1.1666666666666667,29.333333333333332,27,0,0
/z0f76a1d14fd21a8fb5fd0d03e0fdc3d3cedae52f,7,7,1,8,30,0,0
/15-tips-menjaga-kesehatan-otot-dan-sendi-di-usia-lanjut/,6,6,1,104.16666666666667,22,0,0
/5-makanan-penghilang-stress-yang-sangat-bermanfaat-bagi-kesehatan/,6,5,1.2,7.4,21,0,0
/6-cara-mudah-terhindar-dari-serangan-stroke/,6,6,1,42.833333333333336,22,0,0
/account-2/,6,5,1.2,29.2,18,0,0
/account/edit-account/,6,2,3,25.5,14,0,0
/activade-partial-thromboplastin-time-aptt/,6,3,2,59,14,0,0
/anti-ccp-igg/,6,5,1.2,9.6,19,0,0
/biologi-molekuler/,6,6,1,42.333333333333336,26,0,0
/calcium-ion/,6,4,1.5,10.75,21,0,0
/ccd-istimewa/,6,4,1.5,13.5,19,0,0
/chlamydia-igg/,6,3,2,35.666666666666664,23,0,0
/cholinesterase/,6,5,1.2,13.2,25,0,0
/cito-one-touch/,6,5,1.2,12.6,20,0,0
/creatinin-clearance-2/,6,5,1.2,54.4,19,0,0
/gejala-jantung-koroner-apa-yang-harus-diwaspadai/,6,6,1,52.166666666666664,20,0,0
/gerakan-masyarakat-hidup-sehat/,6,4,1.5,14.75,23,0,0
/glukosa-gestational-wanita-hamil/,6,5,1.2,16,20,0,0
/gondongan-kenali-penyebab-gejala-dan-langkah-pengobatan/,6,5,1.2,13.2,21,0,0
/kardiomiopati-iskemik-penyebab-gejala-dan-solusi-pencegahannya/,6,4,1.5,68.25,15,0,0
/kategori-produk/promo/page/4/,6,5,1.2,4,15,0,0
/kategori-produk/tanpa-kategori/,6,4,1.5,6.25,15,0,0
/kesehatan-mental-yang-baik-produktivitas-yang-optimal-di-tempat-kerja/,6,5,1.2,26.4,23,0,0
/kolesterol-total/,6,6,1,13.666666666666666,15,0,0
/kultur-darah/,6,5,1.2,57.6,20,0,0
/lansia-check-up/,6,4,1.5,39.75,20,0,0
/le-test/,6,6,1,7.166666666666667,16,0,0
/nt-pro-bnp/,6,5,1.2,28.4,26,0,0
/panel-sindroma-metabolik-untuk-mengetahui-kondisi-kesehatan-tubuh/,6,5,1.2,19.2,21,0,0
/paratiroid-hormon/,6,4,1.5,12.5,15,0,0
/pcr-delesi-azf-azoospermic-factor/,6,6,1,10.5,15,0,0
/pemeriksaan-medical-check-up-bagi-wanita/,6,5,1.2,37.4,25,0,0
/petanda-tumor/,6,6,1,14.833333333333334,23,0,0
/phospor-anorganik/,6,3,2,96.66666666666667,21,0,0
/produk/css-paket-sahabat/,6,4,1.5,45,12,0,0
/program-csr-hewan-kurban-idul-adha-1440-h-oleh-laboratorium-klinik-cito/,6,4,1.5,8.25,21,0,0
/prolaktin/,6,6,1,8.833333333333334,15,0,0
/protein-c/,6,5,1.2,15.6,15,0,0
/sekret-uretra/,6,4,1.5,12.75,17,0,0
/squamosa-cell-carcinoma-scc/,6,5,1.2,23.2,19,0,0
/tag/vaksin-booster/,6,5,1.2,14.4,23,0,0
/virus-nipah/,6,5,1.2,27.4,21,0,0
/anti-hav-anti-hepatitis-a-virus/,5,4,1.25,26,12,0,0
/bcr-abl-kuantitatif-kualitatif/,5,4,1.25,37.75,17,0,0
/booking-off/,5,5,1,1.6,19,0,0
/bukti-konsistensi-cito-raih-penghargaan-brand-for-good-dari-markplus/,5,3,1.6666666666666667,42.666666666666664,15,0,0
/ca-15-3/,5,4,1.25,13.75,14,0,0
/category/penunjang/,5,4,1.25,10,10,0,0
/cea/,5,5,1,22.6,17,0,0
/cito-raih-predikat-memuaskan-dalam-uji-profisiensi-internasional-emqn-untuk-produk-citogen-brca1-2/,5,2,2.5,16.5,11,0,0
/citogen-hereditary-cancer-risk/,5,2,2.5,21,10,0,0
/crp-kuantitatif/,5,4,1.25,14.25,17,0,0
/deteksi-dini-potensi-serangan-jantung-koroner/,5,4,1.25,11,16,0,0
/fakta-tentang-kanker-prostat-di-indonesia/,5,3,1.6666666666666667,33.666666666666664,17,0,0
/faktor-risiko-penyebab-penyakit-ginjal/,5,5,1,10,19,0,0
/hbeag/,5,5,1,12.4,21,0,0
/hepatitis-perkembangan-penyebab-dan-pencegahan/,5,5,1,14.2,22,0,0
/hot-promo/page/3/,5,3,1.6666666666666667,29.666666666666668,13,0,0
/hot-promo/page/4/,5,5,1,6.4,21,0,0
/igg/,5,3,1.6666666666666667,6.333333333333333,13,0,0
/kategori-produk/couple-medical-check-up/,5,4,1.25,20.5,12,0,0
/kategori-produk/promo/page/3/,5,4,1.25,13.5,11,0,0
/kekurangan-gen-hrr-penyebab-kanker-dapat-dideteksi-menggunakan-citogen-hrr/,5,3,1.6666666666666667,42.666666666666664,14,0,0
/laboratorium-klinik-sejak-1967-melayani-medical-check-up-hingga-swab-pcr/,5,4,1.25,7.5,19,0,0
/ldh/,5,5,1,7.4,18,0,0
/ldl-cholesterol-low-density-lipoprotein/,5,5,1,32.4,12,0,0
/magnesium/,5,4,1.25,11.75,14,0,0
/malaria-ict/,5,3,1.6666666666666667,13.666666666666666,16,0,0
/manfaat-tes-kesehatan-calon-karyawan-bagi-perusahaan/,5,5,1,6.6,17,0,0
/memperingati-hari-kanker-sedunia-4-februari-2020/,5,5,1,5.6,17,0,0
/mengenali-penyakit-corona-covid-19/,5,5,1,24.2,22,0,0
/panel-pemantauan-diabetes-mellitus/,5,5,1,18.2,20,0,0
/pencegahan-tuberkulosis-bagaimana-prakteknya/,5,5,1,13.8,18,0,0
/penggemar-buah-dan-sayur-lebih-panjang-umur/,5,5,1,30.4,23,0,0
/popcorn-lung-bisa-disebabkan-oleh-vape-rokok-elektrik/,5,5,1,113.4,21,0,0
/product/css-paket-sehat/,5,5,1,7,12,0,0
/produk/pharamaco-genomic/,5,4,1.25,20.25,17,0,0
/produk/torch-test-package/,5,5,1,10.6,16,0,0
/protein-s/,5,5,1,7.4,18,0,0
/rapid-test-covid-19/,5,3,1.6666666666666667,12.666666666666666,15,0,0
/sekilas-mengenai-k3/,5,5,1,38.8,21,0,0
/sekret-tenggorok/,5,3,1.6666666666666667,8.333333333333334,16,0,0
/tipe-iv-kolagen/,5,5,1,11,20,0,0
/urea-nitrogen-ureum-dalam-urine/,5,3,1.6666666666666667,21,11,0,0
/workshop-hematologi-dan-uji-kompetensi-atlm/,5,4,1.25,44.5,20,0,0
/46534-2/,4,1,4,79,9,0,0
/albumin/,4,3,1.3333333333333333,23.666666666666668,14,0,0
/anti-hbc/,4,4,1,21.25,11,0,0
/anti-pr3-ab/,4,4,1,3.75,11,0,0
/anti-tpo-anti-microsomal-antibody-ama/,4,4,1,20.75,16,0,0
/apo-a/,4,2,2,9,9,0,0
/biopsi-jaringan/,4,3,1.3333333333333333,17,12,0,0
/category/cito-news/,4,4,1,10.5,6,0,0
/cd8/,4,3,1.3333333333333333,12.666666666666666,17,0,0
/cek-kesehatan-lengkap-cakap-program-promo-pemeriksaan-terjangkau/,4,4,1,62.25,13,0,0
/cito-cabang-purwokerto-gelar-bazaar-ramadhan/,4,4,1,10.75,18,0,0
/cito-pekalongan-gelar-perayaan-cap-go-meh-pererat-hubungan-dengan-pelanggan-dan-perkenalkan-layanan-terbaru/,4,3,1.3333333333333333,86.33333333333333,12,0,0
/cito-sahabat-sehat-promo-panel-medical-check-up-hemat-hadir-di-bulan-april/,4,4,1,13.5,15,0,0
/cito-sehat-ramadhan-potongan-25-untuk-semua-panel-medical-check-up-via-web-belanja/,4,4,1,22.5,12,0,0
/cito-surabaya-mitra-sehat-anda/,4,3,1.3333333333333333,5.666666666666667,10,0,0
/citogen-egfr/,4,4,1,8.5,10,0,0
/daftar-pertanyaan-dan-jawaban-terkait-pemeriksaan-covid-19/,4,3,1.3333333333333333,24.333333333333332,13,0,0
/dna-thalassemia-alfa/,4,3,1.3333333333333333,5,7,0,0
/dr.sung/,4,4,1,14,14,0,0
/epstein-barr-virus-viral-capsid-antigen-ebv-vca-igg-antibodies-kualitatif/,4,4,1,12.25,14,0,0
/glomerulonefritis-kenali-apa-saja-penyebab-gejala-dan-pengobatannya/,4,4,1,41.5,17,0,0
/imunoglobulin-benteng-pertahanan-tubuh-dari-infeksi/,4,4,1,28,9,0,0
/jangan-sampai-bau-mulut-bikin-kamu-gak-pede/,4,4,1,30,17,0,0
/kategori-produk/cito-health-harmony/page/2/,4,2,2,73,9,0,0
/kategori-produk/ladies-check-up-2023/,4,3,1.3333333333333333,11.333333333333334,6,0,0
/kategori-produk/prewedding_series/,4,2,2,59.5,8,0,0
/kesehatan-otak-perlu-dijaga-untuk-terhindar-dari-alzheimer/,4,4,1,8.75,16,0,0
/ketentuan-refund/,4,2,2,0,8,0,0
/life-time-medical-check/,4,4,1,14.75,10,0,0
/mencegah-sindroma-metabolik-untuk-hidup-lebih-sehat/,4,4,1,44.75,13,0,0
/mumps-igg-m/,4,4,1,7.75,18,0,0
/natrium/,4,3,1.3333333333333333,5.666666666666667,12,0,0
/oksitosin/,4,3,1.3333333333333333,5,12,0,0
/pcr-cmv/,4,4,1,99.75,19,0,0
/pcr-hsv-1-dan-2/,4,4,1,10.75,13,0,0
/pre-albumin/,4,4,1,11.5,15,0,0
/produk/demam-umum/,4,3,1.3333333333333333,20.333333333333332,8,0,0
/produk/paket-traveler-couple/,4,3,1.3333333333333333,18.333333333333332,9,0,0
/produk/prewedding-ladies-plus-pria/,4,4,1,17,9,0,0
/produk/screening-kanker-pria-dan-wanita-couple/,4,3,1.3333333333333333,6,11,0,0
/produk/screening-tb-anak-plus/,4,4,1,25.25,14,0,0
/produk/weekend-check-up-new/,4,4,1,11,12,0,0
/promo-lansia-mei-2017/,4,3,1.3333333333333333,17.666666666666668,9,0,0
/prostat-acid-phosphatase-pap/,4,3,1.3333333333333333,14.333333333333334,12,0,0
/protein-bence-jones/,4,2,2,15,13,0,0
/saturasi-transferin/,4,4,1,7,13,0,0
/seminar-thalasemia-di-purwokerto/,4,3,1.3333333333333333,156,15,0,0
/small-dense-ldl/,4,4,1,24.5,16,0,0
/t4/,4,4,1,28,18,0,0
/test-agregasi-trombosit/,4,4,1,45,18,0,0
/waspada-asam-urat-tinggi-usai-idul-adha/,4,4,1,32.75,16,0,0
/alkohol-darah/,3,3,1,21,15,0,0
/ambeien-gejala-penyebab-dan-cara-pengobatan/,3,3,1,63,10,0,0
/anti-hcv-igm-anti-hepatitis-c-virus-igm/,3,3,1,9.666666666666666,14,0,0
/asam-empedu/,3,3,1,307.6666666666667,12,0,0
/asam-folat-nutrisi-penting-untuk-cegah-anemia-dan-gangguan-saraf/,3,3,1,38.333333333333336,12,0,0
/asam-folat/,3,3,1,12.333333333333334,12,0,0
/asam-urat-urine/,3,3,1,12,11,0,0
/beberapa-gejala-kanker-payudara-yang-dapat-terjadi/,3,3,1,42.666666666666664,12,0,0
/bincang-sehat-penyakit-zaman-now-di-laboratorium-klinik-cito-tegal/,3,3,1,182.66666666666666,11,0,0
/calsium/,3,3,1,4,9,0,0
/cara-mudah-menjaga-kesehatan-ginjal/,3,3,1,16,12,0,0
/category/pemeriksaan/page/3/,3,2,1.5,13.5,6,0,0
/cegah-dehidrasi-begini-cara-menjaga-tubuh-tetap-terhidrasi-saat-puasa/,3,3,1,27,9,0,0
/cito-raih-predikat-brand-for-good-dari-markplus/,3,3,1,24.666666666666668,13,0,0
/cortisol/,3,2,1.5,13.5,11,0,0
/diagnosis-komplikasi-dan-pencegahan-novel-coronavirus/,3,3,1,0,9,0,0
/diskon-istimewa-di-cito-customer-day/,3,2,1.5,16,11,0,0
/fakta-tentang-kanker-payudara-di-indonesia/,3,2,1.5,47.5,9,0,0
/family-medical-check-up/,3,3,1,9.666666666666666,11,0,0
/glycated-albumin/,3,2,1.5,3.5,9,0,0
/hdl-kolesterol/,3,3,1,14.666666666666666,7,0,0
/healing-liburan-itu-butuh-persiapan-penting/,3,3,1,23.333333333333332,13,0,0
/hsv-i-igg/,3,3,1,11.333333333333334,8,0,0
/hsv-i-igm/,3,3,1,12.666666666666666,13,0,0
/ihc-her2/,3,3,1,11,5,0,0
/imunofenotyping/,3,1,3,144,6,0,0
/kenali-gejala-gangguan-pencernaan-sebelum-terlambat/,3,3,1,22,13,0,0
/kolesterol-tinggi-gejala-penyebab-risiko-penyakit-yang-ditimbulkan/,3,3,1,174,11,0,0
/kultur-faeces/,3,2,1.5,21,8,0,0
/laboratorium-klinik-cito-50-tahun-berkarya/,3,3,1,21.333333333333332,14,0,0
/langkah-pemesanan-layanan-cito-mobile-service/,3,3,1,20,10,0,0
/lipoprotein-a/,3,2,1.5,23.5,7,0,0
/logam-berat/,3,2,1.5,16,11,0,0
/marhaban-ya-ramadhan-selamat-menunaikan-ibadah-puasa-ramadhan-1441-h/,3,2,1.5,0,10,0,0
/mental-health-bagaimana-untuk-menjaganya-tetap-sehat/,3,1,3,15,10,0,0
/natrium-urine/,3,3,1,9,12,0,0
/page/50/,3,3,1,6.666666666666667,10,0,0
/pelatihan-refresh-dan-update-pemeriksaan-analisa-sperma-versi-who-tahun-2010/,3,3,1,48.666666666666664,12,0,0
/pembayaran/order-received/46531/,3,1,3,2,5,0,0
/pengecatan-gram/,3,3,1,13.666666666666666,13,0,0
/produk/cakap-autoimun-lupus-lengkap/,3,3,1,9,11,0,0
/produk/kesehatan-calon-jamaah-haji-umroh-standar-couple/,3,2,1.5,30,10,0,0
/produk/nipt-premium/,3,3,1,12.666666666666666,9,0,0
/produk/paket-dr-sung-gold/,3,3,1,16,8,0,0
/produk/sindroma-metabolik/,3,3,1,9,6,0,0
/produk/test-kromosom-jenis-kelamin-nipt-basic/,3,2,1.5,44,9,0,0
/promo-cito-sahabat-sehat-april/,3,3,1,51.666666666666664,11,0,0
/promo-sehat-bersama-cito-bulan-februari-untuk-daerah-istimewa-yogyakarta/,3,2,1.5,43.5,9,0,0
/protein-elektrophoresa/,3,2,1.5,11.5,10,0,0
/rasio-ldlhdl-kolesterol/,3,2,1.5,6.5,6,0,0
/salmonella-typhi-dna/,3,3,1,7.666666666666667,8,0,0
/selamat-hari-gizi-nasional-untuk-seluruh-sahabat-sehat-cito/,3,3,1,4,12,0,0
/semarak-ramadhan-laboratorium-klinik-cito/,3,1,3,149,6,0,0
/tacrolimus/,3,1,3,1,6,0,0
/tag/vitamin-c/,3,3,1,4.666666666666667,13,0,0
/tidak-perlu-keluar-rumah-cito-mobile-service-memudahkan-pemeriksaan-laboratorium/,3,3,1,17.333333333333332,13,0,0
/ureum/,3,3,1,11.666666666666666,9,0,0
/user/ndzaki_/,3,1,3,25,9,0,0
/vitamin-b-12/,3,3,1,18.333333333333332,14,0,0
/vitamin-b12-nutrisi-penting-untuk-tubuh-yang-optimal/,3,2,1.5,101.5,13,0,0
/vldl/,3,3,1,14.333333333333334,7,0,0
/waktu-protrombin/,3,2,1.5,21.5,6,0,0
/Kunjungan/Riwayat_kunjungan,2,1,2,17,8,0,0
/adiponektin/,2,2,1,18.5,8,0,0
/alkali-phosphatase/,2,1,2,29,6,0,0
/alpha-amylase-pancreatic/,2,1,2,22,5,0,0
/analis-kesehatan-cito-jalani-uji-kompetensi-untuk-tingkatkan-skill-kualitas/,2,1,2,40,7,0,0
/author/bagas_putro/page/2/,2,1,2,35,7,0,0
/author/clarisa/,2,2,1,21.5,7,0,0
/bahaya-narkoba-bagi-remaja-jangan-sampai-terjerumus/,2,2,1,15.5,10,0,0
/bazar-murah-ramadhan-lab-cito-yogyakarta/,2,2,1,19.5,4,0,0
/campak-igg-m/,2,2,1,3.5,6,0,0
/category/artikel-kesehatan/page/2/,2,2,1,1.5,3,0,0
/category/kantor/page/2/,2,1,2,135,6,0,0
/category/kantor/page/3/,2,1,2,45,6,0,0
/category/pemeriksaan/page/4/,2,2,1,5.5,4,0,0
/category/pemeriksaan/page/5/,2,1,2,18,4,0,0
/category/pemeriksaan/page/6/,2,1,2,11,4,0,0
/category/pemeriksaan/page/7/,2,1,2,9,4,0,0
/category/pemeriksaan/page/9/,2,1,2,8,6,0,0
/cegak-penyakit-ginjal-dengan-cerdik/,2,2,1,13.5,10,0,0
/chlorida/,2,2,1,11,9,0,0
/cito-berkolaborasi-dengan-fakerunners-semarang-dalam-acara-saturday-morning-run-with-cito/,2,2,1,5,6,0,0
/cito-borong-penghargaan-di-indonesia-marketing-festival-2024/,2,2,1,21,7,0,0
/cito-buktikan-keunggulan-dengan-raih-penghargaan-indonesia-original-brand-2024/,2,2,1,167.5,5,0,0
/cito-luncurkan-tagline-innovation-for-happiness-dan-buka-cabang-di-jakarta-utara/,2,2,1,9,9,0,0
/cito-raih-3-penghargaan-k3-dari-pemprov-jawa-tengah/,2,2,1,30,9,0,0
/epstein-barr-virus-viral-capsid-antigen-vca-igm-antibodies/,2,1,2,16,6,0,0
/faktor-resiko-obesitas/,2,2,1,353,7,0,0
/free-t3/,2,2,1,60,5,0,0
/gathering-prolanis-pekalongan/,2,2,1,12.5,8,0,0
/gejala-kalau-tubuh-kita-kurang-minum-sehingga-tidak-terhidrasi-dengan-baik/,2,2,1,33.5,8,0,0
/gen-brca-penyebab-kanker-payudara-dapat-dideteksi-dengan-citogen-brca/,2,2,1,29,8,0,0
/hipertensi-pemicu-serangan-jantung/,2,0,0,0,4,0,0
/hitung-jenis-lekosit/,2,2,1,61,5,0,0
/homeservice_test123/,2,1,2,16,5,0,0
/imunisasi-pentingnya-melindungi-anak-dari-penyakit-berbahaya/,2,1,2,14,4,0,0
/jadwal-libur-pelayanan-dan-mcu-laboratorium-klinik-cito-selama-lebaran-1440-h/,2,2,1,2,7,0,0
/kanker-serviks-deteksi-dan-cegah-sejak-dini/,2,2,1,111,3,0,0
/kapan-diabetesi-perlu-batalkan-puasa/,2,2,1,102,9,0,0
/kategori-produk/ladies-check-up-2023/page/2/,2,1,2,30,4,0,0
/konfirmasi-pembayaran/,2,2,1,9,4,0,0
/koordinasi-dan-pelatihan-analisa-sperma/,2,1,2,12,7,0,0
/koordinasi-tim-pusat-pt-cito-putra-utama/,2,2,1,24,5,0,0
/laboratorium-klinik-cito-jakarta-pindah-ke-lokasi-baru/,2,2,1,39,10,0,0
/laboratorium-klinik-cito-tetap-buka-untuk-melayani-pemeriksaan-kesehatan-masyarakat/,2,2,1,9,9,0,0
/ldh-cairan-tubuh/,2,2,1,4,6,0,0
/lekosit/,2,2,1,4.5,6,0,0
/logo-50th-anniversary-laboratorium-klinik-cito/,2,2,1,2.5,8,0,0
/manfaat-pemeriksaan-asam-urat/,2,2,1,19,9,0,0
/marijuana/,2,2,1,6.5,8,0,0
/mau-cek-kesehatan-tanpa-antri-cito-home-service-solusinya/,2,2,1,7,8,0,0
/medical-check-up-penting-dilakukan/,2,2,1,21.5,10,0,0
/meditasi-vs-yoga-mana-yang-lebih-baik-untuk-kesehatan-mental/,2,2,1,61,8,0,0
/memperingati-hari-kanker-anak-sedunia-15-februari-2020/,2,2,1,3.5,8,0,0
/memperingati-international-womens-day-8-maret-2020/,2,2,1,6.5,9,0,0
/meperingati-world-hepatitis-day-atau-hari-hepatitis-sedunia-28-juli-2020/,2,1,2,0,5,0,0
/page/11/,2,1,2,15,5,0,0
/page/15/,2,1,2,5,6,0,0
/page/67/,2,2,1,11,4,0,0
/page/79/,2,1,2,25,4,0,0
/panel-haji/,2,2,1,7,7,0,0
/pap-smear-pentingnya-tes-kanker-serviks/,2,2,1,8,7,0,0
/pcr-mh/,2,2,1,7,9,0,0
/pembayaran/order-received/46568/,2,1,2,31,3,0,0
/pembayaran/order-received/46569/,2,1,2,34,4,0,0
/pembayaran/order-received/46642/,2,1,2,26,6,0,0
/pembayaran/order-received/46704/,2,1,2,46,6,0,0
/pemeriksaan-oguk-oeuk-persiapan-penting-yang-perlu-diketahui/,2,2,1,29.5,6,0,0
/pertemuan-marketing-cito-se-indonesia-resmi-dibuka/,2,2,1,11,5,0,0
/pesan-layanan-cito-mobile-old/,2,1,2,37,5,0,0
/pesan-layanan-cito-mobile/,2,2,1,18.5,10,0,0
/product-knowledge-cito/,2,2,1,8.5,5,0,0
/product/panel-screening-demam-berdarah-typhoid/,2,2,1,2.5,5,0,0
/produk,2,2,1,7.5,7,0,0
/produk/cakap-deteksi-demam/,2,2,1,5,7,0,0
/produk/citogen-pharmacogenomic/,2,1,2,22,4,0,0
/produk/hipertensi-dan-penyakit-ginjal/,2,1,2,704,5,0,0
/produk/mother-health-jantung-koroner/,2,2,1,12,4,0,0
/produk/nipt-lite/,2,2,1,47,7,0,0
/produk/paket-dr-sung-silver/,2,2,1,17.5,5,0,0
/produk/paket-merdeka-diabetes-melitus/,2,1,2,22,4,0,0
/produk/paket-spesial-ramadhan-kareem/,2,2,1,10.5,6,0,0
/produk/pemeriksaan-rapid-test-covid-19-panel-screening-3/,2,2,1,7,8,0,0
/produk/pre-wedding/,2,2,1,18,5,0,0
/produk/rapid-antigen-covid-19/,2,2,1,5.5,7,0,0
/produk/screening-kanker-pria/,2,2,1,16.5,7,0,0
/rekening/,2,2,1,17.5,5,0,0
/rubella-igm/,2,2,1,10.5,4,0,0
/serangan-jantung-tanpa-gejala-cegah-dengan-paket-silver-di-cito/,2,2,1,31.5,9,0,0
/sitologi/,2,1,2,79,5,0,0
/sma/,2,2,1,10,6,0,0
/stunting-dapat-dicegah-sejak-sebelum-masa-kehamilan/,2,2,1,25.5,7,0,0
/t3/,2,1,2,2,4,0,0
/tag/asam-lambung/,2,2,1,8.5,5,0,0
/tag/pemeriksaan-tuberkulosis/,2,1,2,1,5,0,0
/tag/tes-igra/,2,2,1,8,6,0,0
/tema-hari-kesehatan-nasional-2013/,2,2,1,18.5,7,0,0
/tingkatkan-potensi-karyawan-cito-gelar-fast-track-for-managerial-level/,2,1,2,3,5,0,0
/toxoplasmosis-penyakit-parasit-yang-perlu-diwaspadai/,2,2,1,15,7,0,0
/university-newcastle-kunjungi-cito-membahas-rencana-kolaborasi/,2,2,1,0,8,0,0
/user/ayhu26/,2,1,2,19,8,0,0
/user/kikilatika/,2,1,2,28,5,0,0
/user/yuyus123/,2,1,2,12,6,0,0
/utamakan-keselamatan-pasien-cito-raih-penghargaan-bapeten-2023/,2,1,2,18,4,0,0
/CVC/,1,1,1,7,2,0,0
/Dashboard,1,1,1,5,3,0,0
/acara-gathering-pelanggan-cito-di-kota-semarang-meriahkan-imlek-2024-tahun-naga-kayu/,1,1,1,19,6,0,0
/account-2/general/,1,1,1,24,2,0,0
/ambilhasil.labcito.co.id/,1,1,1,0,3,0,0
/amylase/,1,1,1,7,2,0,0
/anti-hbE/,1,1,1,0,1,0,0
/anti-hbs/,1,1,1,15,5,0,0
/antibodi-tiroglobulin/,1,1,1,0,4,0,0
/antigenemia-cmv/,1,1,1,0,3,0,0
/aphetamine/,1,1,1,46,2,0,0
/author/admin/page/16/,1,1,1,28,5,0,0
/author/bagas_putro/,1,1,1,26,3,0,0
/author/clarisa/page/2/,1,1,1,7,2,0,0
/author/teknis-cito/,1,1,1,5,3,0,0
/author/teknis-cito/page/2/,1,0,0,0,2,0,0
/bantuan-untuk-korban-bencana-banjir-dan-tanah-longsor-di-kabupaten-bogor-dari-laboratorium-klinik-cito/,1,1,1,5,5,0,0
/barbiturat/,1,1,1,506,4,0,0
/bazaar-ramadhan-cito-2023/,1,1,1,52,2,0,0
/bun-blood-urea-nitrogen/,1,1,1,0,4,0,0
/c3-complement/,1,0,0,0,4,0,0
/c4-complement/,1,1,1,8,5,0,0
/cacar-monyet-kembali-muncul-pahami-hal-berikut-agar-tidak-tertular/,1,1,1,10,2,0,0
/cacar-monyet-monkeypox-sebab-dan-pencegahannya/,1,1,1,13,4,0,0
/category/kantor/page/4/,1,1,1,7,3,0,0
/category/pemeriksaan/page/8/,1,1,1,5,2,0,0
/checkout,1,1,1,0,3,0,0
/children-medical-check-up/,1,1,1,17,4,0,0
/cito-berikan-diskon-20-pemeriksaan-antibodi-kuantitatif/,1,1,1,8,2,0,0
/cito-berikan-penghargaan-pada-cabang-karyawan-terbaik-di-tahun-2022/,1,1,1,25,4,0,0
/cito-bogor-gelar-pemeriksaan-asam-urat-gratis/,1,1,1,12,4,0,0
/cito-cabang-banyumas-gelar-talk-show-a-z-medical-check-up/,1,1,1,15,4,0,0
/cito-customer-days/,1,1,1,0,3,0,0
/cito-e-customer-membership-inovasi-tebaru-dari-laboratorium-klinik-cito/,1,1,1,16,2,0,0
/cito-gelar-seminar-kesehatan-dan-keselamatan-kerja/,1,1,1,39,4,0,0
/cito-gelar-uji-kompetensi-dan-pelatihan-phlebotomy-bersama-becton-dickinson/,1,1,1,0,3,0,0
/cito-health-harmony ginjal,1,1,1,2,3,0,0
/cito-ikuti-event-central-java-health-expo-2022-di-citraland-semarang/,1,1,1,7,4,0,0
/cito-luncurkan-layanan-online/,1,1,1,18,5,0,0
/cito-peduli-thalasemia/,1,1,1,5,5,0,0
/cito-pemalang-siap-memberikan-layanan-terbaik/,1,1,1,26,2,0,0
/cito-raih-icsq-award-2024-kokohkan-posisi-sebagai-laboratorium-dengan-pelayanan-terbaik/,1,1,1,7,2,0,0
/cito-raih-penghargaan-top-brand-2022-kategori-laboratorium/,1,1,1,0,3,0,0
/cito-sahabat-sehat-nov-2016/,1,1,1,3,4,0,0
/cito-sahabat-sehat/,1,1,1,8,2,0,0
/cito-smart-online/,1,1,1,17,5,0,0
/cito-support-pelayanan-medis-event-solo-kulinerun/,1,1,1,67,4,0,0
/citogen-brca1-2/,1,1,1,0,1,0,0
/citogen-cancer-risk/,1,1,1,0,1,0,0
/cmc,1,1,1,8,5,0,0
/cmv-igg/,1,1,1,2,4,0,0
/cocain/,1,1,1,9,2,0,0
/cvc/informed-consent-cvc/,1,1,1,0,3,0,0
/derajatwarnaurin,1,1,1,2,3,0,0
/diskon-25-persen-merchant-baru/,1,1,1,20,3,0,0
/dna-thalassemia-beta/,1,1,1,0,1,0,0
/duduk-terlalu-lama-bisa-sebabkan-apa/,1,1,1,0,3,0,0
/edukasi-autoimun-cito-dan-idi-gelar-webinar/,1,1,1,4,6,0,0
/eritrosit/,1,1,1,12,2,0,0
/excecutive-check-up/,1,1,1,29,3,0,0
/fakta-dan-mitos-omicron-mutasi-virus-covid19-yang-teranyar/,1,1,1,43,4,0,0
/family-fun-walk-hut-cito-50-tahun/,1,1,1,26,4,0,0
/free-psa/,1,1,1,8,2,0,0
/gallery/,1,1,1,11,4,0,0
/gaya-hidup-sedentary-riskan-memunculkan-penyakit-kronik/,1,1,1,27,4,0,0
/glukosa-cairan-tubuh/,1,1,1,2,2,0,0
/hot-promo/page/2/,1,1,1,35,3,0,0
/hot-promo/page/6/,1,1,1,47,5,0,0
/hsv-ii-igm/,1,1,1,3,3,0,0
/hubungicito,1,1,1,3,3,0,0
/hubungikami,1,1,1,1,3,0,0
/ihc-cd-20/,1,1,1,18,3,0,0
/ihc-cd-3/,1,1,1,2,4,0,0
/ihc-estrogen-reseptor-er/,1,1,1,17,3,0,0
/ihc-progesteron-reseptor-pr/,1,1,1,5,2,0,0
/insulin/,1,1,1,5,4,0,0
/istilah-baru-pengganti-odp-pdp-pasien-positif-covid-19/,1,1,1,0,5,0,0
/jadwal-libur-pelayanan-laboratorium-klinik-cito-selama-lebaran-1444-h/,1,1,1,0,5,0,0
/jumat-sehat-di-cabang-magelang/,1,1,1,13,5,0,0
/kalium-urine/,1,1,1,10,4,0,0
/kanker-payudara-ciri-ciri-penyebab-faktor-risiko-penanganannya/,1,1,1,25,5,0,0
/kanker-serviks-menduduki-urutan-kedua-untuk-jumlah-penderita-terbanyak-di-indonesia/,1,1,1,51,5,0,0
/kantorcabang,1,1,1,15,4,0,0
/kardiovaskular-pengertian-sebab-dan-contoh-penyakit/[2,1,1,1,0,3,0,0
/kariotyping/,1,1,1,0,1,0,0
/kasus-sifilis-di-ri-meningkat-kenali-pengertian-gejala-dan-cara-mencegahnya/ https:/www.kemkes.go.id/article/view/201812200009/sifilis.html,1,1,1,3,3,0,0
/kategori-produk,1,1,1,1,3,0,0
/kategori-produk/cito-health-harmony/page/3/,1,1,1,82,3,0,0
/kategori-produk/ladies-check-up-2023/page/3/,1,1,1,26,2,0,0
/kategori-produk/paket-merdeka-checkup/,1,1,1,0,1,0,0
/kategori-produk/panelmcu/https:/labcito.co.id/panel/,1,1,1,19,4,0,0
/kenali-perbedaan-osteoporosis-dan-osteoarthritis/,1,1,1,0,3,0,0
/ki67-ihc/,1,1,1,7,4,0,0
/kultur-jamur/,1,1,1,15,4,0,0
/kultur-sensitivitas-sekret/,1,1,1,6,4,0,0
/laboratorium-cito-raih-penghargaan-merek-prestisius-dari-sbbi-2024/,1,1,1,34,5,0,0
/laboratorium-klinik-cito-gelar-syawalan-1438-h/,1,1,1,5,2,0,0
/laboratorium-klinik-cito-laboratorium-pertama-di-indonesia-dengan-sertifikat-iso-9001-2008-corporate/,1,1,1,1,5,0,0
/laboratorium-klinik-cito-menyerahkan-dana-csr-kepada-tiga-tempat-ibadah-di-jawa-tengah-dan-diy/,1,1,1,8,6,0,0
/laboratorium-klinik-cito-resmi-ditetapkan-kemenkes-sebagai-jaringan-laboratorium-pemeriksa-coronavirus-2/,1,1,1,15,4,0,0
/langkah-cito-bertahan-swa/,1,1,1,3,2,0,0
/lipase/,1,1,1,10,4,0,0
/lipoprotein-pengertian-dan-perannya-dalam-tubuh-kita/),1,1,1,0,4,0,0
/mager-alias-males-gerak-ternyata-berbahaya/,1,1,1,0,3,0,0
/malaria-2/,1,1,1,15,5,0,0
/manfaat-asam-folat-bagi-ibu-hamil/,1,1,1,0,4,0,0
/metode-sgtf-deteksi-omicon-ba2/,1,1,1,160,4,0,0
/nacl-cairan-tubuh/,1,1,1,0,5,0,0
/nonne/,1,1,1,3,4,0,0
/nse/,1,1,1,5,4,0,0
/page/13/,1,1,1,0,1,0,0
/page/20/,1,1,1,8,3,0,0
/page/25/,1,1,1,0,3,0,0
/page/30/,1,1,1,15,3,0,0
/page/36/,1,1,1,0,3,0,0
/page/37/,1,1,1,0,3,0,0
/page/53/,1,1,1,0,3,0,0
/page/55/,1,1,1,0,1,0,0
/page/62/,1,1,1,28,4,0,0
/page/85/,1,1,1,21,5,0,0
/page/86/,1,1,1,0,5,0,0
/panel-lain-lain/,1,1,1,22,2,0,0
/pelantikan-duta-k3-jakarta-bogor/,1,1,1,0,3,0,0
/pembayaran/order-received/46454/,1,1,1,4,2,0,0
/pembayaran/order-received/46458/,1,1,1,3,3,0,0
/pembayaran/order-received/46465/,1,1,1,6,2,0,0
/pembayaran/order-received/46495/,1,1,1,7,2,0,0
/pembayaran/order-received/46516/,1,1,1,4,2,0,0
/pembayaran/order-received/46524/,1,1,1,3,2,0,0
/pembayaran/order-received/46616/,1,1,1,0,1,0,0
/pembayaran/order-received/46618/,1,1,1,4,2,0,0
/pembayaran/order-received/46700/,1,1,1,4,2,0,0
/physical-distancing-untuk-mencegah-penyebaran-covid-19/,1,1,1,7,2,0,0
/polusi-udara-meningkat-kenali-dampaknya-terhadap-kesehatan/,1,1,1,0,3,0,0
/premarital-check-up-yang-harus-dilakukan-sebelum menikah/,1,1,1,2,4,0,0
/pricelist,1,1,1,11,4,0,0
/produk/,1,1,1,1,3,0,0
/produk/demam-umum-3-hari/,1,1,1,0,1,0,0
/produk/kesehatan-calon-jamaah-haji-umroh-eksekutif-couple/,1,1,1,809,2,0,0
/produk/paket-dr-sung-diabetes/,1,1,1,0,3,0,0
/produk/paket-medical-check-up-jantung-GOLD/,1,1,1,5,2,0,0
/produk/paket-screening-resiko-jantung-koroner/,1,1,1,12,4,0,0
/produk/paket-screening-sindroma-metabolik/,1,1,1,3,4,0,0
/produk/pemeriksaan-rapid-test-covid-19-panel-screening-2/,1,1,1,0,5,0,0
/produk/prewedding-ladies-plus-wanita/,1,1,1,5,4,0,0
/produk/prewedding-ladies/,1,1,1,13,2,0,0
/produk/risiko-penyakit-jantung-koroner-couple/,1,1,1,13,4,0,0
/produk/risiko-penyakit-jantung-koroner/,1,1,1,14,2,0,0
/produk/screening-diabetes-melitus-couple/,1,1,1,0,3,0,0
/produk/test-kromosom-jenis-kelamin-nipt-lite/,1,1,1,10,3,0,0
/produk/torch-ladies/,1,1,1,0,1,0,0
/produk/torch-panel-1/,1,1,1,4,2,0,0
/promo-lifetime-medical-check-up/,1,1,1,13,5,0,0
/protein-cairan-tubuh/,1,1,1,0,3,0,0
/racun-sianida-kenali-dan-pencegahan,1,1,1,15,5,0,0
/rasio-kolesterol-hdl-kolesterol/,1,1,1,45,3,0,0
/rivalta/,1,1,1,2,4,0,0
/rubella-igg/,1,1,1,3,3,0,0
/s100-ihc/,1,1,1,19,2,0,0
/sakit-perut-bisa-jadi-usus-buntu-ini-gejala-yang-harus-anda-waspadai/,1,1,1,149,4,0,0
/sbi2021/,1,1,1,2,4,0,0
/semarak-bazar-ramadhan-1440-h-laboratorium-klinik-cito/,1,1,1,0,3,0,0
/seminar-k3/,1,1,1,0,3,0,0
/seminar-risk-management-and-treatment-2017/,1,1,1,15,4,0,0
/service-quality-award-2016/,1,1,1,259,3,0,0
/service-quality-award-2017/,1,1,1,41,4,0,0
/siang-klinik-memperbarui-pengetahuan-dan-meningkatkan-keterampilan-dokter-obsgyn/,1,1,1,19,6,0,0
/stres-kerja-risiko-kesehatan-yang-perlu-diwaspadai/,1,1,1,0,3,0,0
/subscribe/,1,1,1,2,5,0,0
/t3-uptake/,1,1,1,8,5,0,0
/tag-produk/genetik-bayi/,1,1,1,4,2,0,0
/tag/alkohol/,1,1,1,1,2,0,0
/tag/demam-berdarah/,1,1,1,33,4,0,0
/tag/demam/,1,1,1,42,2,0,0
/tag/hamil/,1,1,1,0,3,0,0
/tag/keton/,1,1,1,17,4,0,0
/tag/pap-smear/,1,1,1,10,3,0,0
/tag/promo-ladies/,1,1,1,3,4,0,0
/tanya-dokter/,1,1,1,0,5,0,0
/tips-makanan-sehat-untuk-lansia/,1,1,1,35,5,0,0
/user/01600219986/,1,1,1,8,3,0,0
/user/2501030005/,1,1,1,19,3,0,0
/user/adel.puspita30/,1,1,1,12,2,0,0
/user/bachtiar/,1,1,1,16,3,0,0
/user/boedi/,1,1,1,25,3,0,0
/user/chanigiamcs/,1,1,1,38,7,0,0
/user/dewi6599/,1,1,1,25,3,0,0
/user/dwi562/,1,1,1,18,4,0,0
/user/indahnur/,1,1,1,14,3,0,0
/user/indahpuspasari/,1,1,1,8,2,0,0
/user/jatmiko/,1,1,1,11,3,0,0
/user/niinoo/,1,1,1,8,2,0,0
/user/riskigaluh/,1,1,1,0,2,0,0
/user/rosdiana/,1,1,1,16,2,0,0
/user/sahrizalputra/,1,1,1,32,5,0,0
/user/septi2394/,1,1,1,9,4,0,0
/user/soesanti/,1,1,1,19,2,0,0
/user/tonihp/,1,1,1,4,5,0,0
/user/uswatun740/,1,1,1,5,3,0,0
/vaksin-booster-sudah-berjalan-ikuti-dos-and-donts-ini-sebelum-kamu-vaksin/,1,1,1,0,3,0,0
/vma-quantitative/,1,1,1,43,4,0,0
/waktu-trombin/,1,1,1,32,3,0,0
/wp-admin/media-new.php,1,0,0,0,2,0,0
/wp-content/uploads/2024/11/mcu-lansia-2-scaled.jpg,1,1,1,2,4,0,0
/,1,1,1,1,7,0,0